CREATE DATABASE  IF NOT EXISTS `seb&b` /*!40100 DEFAULT CHARACTER SET latin1 */;
USE `seb&b`;
-- MySQL dump 10.13  Distrib 5.5.16, for Win32 (x86)
--
-- Host: localhost    Database: seb&b
-- ------------------------------------------------------
-- Server version	5.5.8

/*!40101 SET @OLD_CHARACTER_SET_CLIENT=@@CHARACTER_SET_CLIENT */;
/*!40101 SET @OLD_CHARACTER_SET_RESULTS=@@CHARACTER_SET_RESULTS */;
/*!40101 SET @OLD_COLLATION_CONNECTION=@@COLLATION_CONNECTION */;
/*!40101 SET NAMES utf8 */;
/*!40103 SET @OLD_TIME_ZONE=@@TIME_ZONE */;
/*!40103 SET TIME_ZONE='+00:00' */;
/*!40014 SET @OLD_UNIQUE_CHECKS=@@UNIQUE_CHECKS, UNIQUE_CHECKS=0 */;
/*!40014 SET @OLD_FOREIGN_KEY_CHECKS=@@FOREIGN_KEY_CHECKS, FOREIGN_KEY_CHECKS=0 */;
/*!40101 SET @OLD_SQL_MODE=@@SQL_MODE, SQL_MODE='NO_AUTO_VALUE_ON_ZERO' */;
/*!40111 SET @OLD_SQL_NOTES=@@SQL_NOTES, SQL_NOTES=0 */;
/*!40103 SET TIME_ZONE=@OLD_TIME_ZONE */;

/*!40101 SET SQL_MODE=@OLD_SQL_MODE */;
/*!40014 SET FOREIGN_KEY_CHECKS=@OLD_FOREIGN_KEY_CHECKS */;
/*!40014 SET UNIQUE_CHECKS=@OLD_UNIQUE_CHECKS */;
/*!40101 SET CHARACTER_SET_CLIENT=@OLD_CHARACTER_SET_CLIENT */;
/*!40101 SET CHARACTER_SET_RESULTS=@OLD_CHARACTER_SET_RESULTS */;
/*!40101 SET COLLATION_CONNECTION=@OLD_COLLATION_CONNECTION */;
/*!40111 SET SQL_NOTES=@OLD_SQL_NOTES */;

-- Dump completed on 2012-05-02  1:20:34
CREATE DATABASE  IF NOT EXISTS `siscon` /*!40100 DEFAULT CHARACTER SET utf8 COLLATE utf8_spanish_ci */;
USE `siscon`;
-- MySQL dump 10.13  Distrib 5.5.16, for Win32 (x86)
--
-- Host: localhost    Database: siscon
-- ------------------------------------------------------
-- Server version	5.5.8

/*!40101 SET @OLD_CHARACTER_SET_CLIENT=@@CHARACTER_SET_CLIENT */;
/*!40101 SET @OLD_CHARACTER_SET_RESULTS=@@CHARACTER_SET_RESULTS */;
/*!40101 SET @OLD_COLLATION_CONNECTION=@@COLLATION_CONNECTION */;
/*!40101 SET NAMES utf8 */;
/*!40103 SET @OLD_TIME_ZONE=@@TIME_ZONE */;
/*!40103 SET TIME_ZONE='+00:00' */;
/*!40014 SET @OLD_UNIQUE_CHECKS=@@UNIQUE_CHECKS, UNIQUE_CHECKS=0 */;
/*!40014 SET @OLD_FOREIGN_KEY_CHECKS=@@FOREIGN_KEY_CHECKS, FOREIGN_KEY_CHECKS=0 */;
/*!40101 SET @OLD_SQL_MODE=@@SQL_MODE, SQL_MODE='NO_AUTO_VALUE_ON_ZERO' */;
/*!40111 SET @OLD_SQL_NOTES=@@SQL_NOTES, SQL_NOTES=0 */;

--
-- Temporary table structure for view `vtelefonosusuarios`
--

DROP TABLE IF EXISTS `vtelefonosusuarios`;
/*!50001 DROP VIEW IF EXISTS `vtelefonosusuarios`*/;
SET @saved_cs_client     = @@character_set_client;
SET character_set_client = utf8;
/*!50001 CREATE TABLE `vtelefonosusuarios` (
  `idDepartamento` int(11),
  `idUsuario` varchar(9),
  `siglas` varchar(10),
  `departamento` varchar(45),
  `indexUsuario` int(11),
  `email` varchar(100),
  `nombreUsuario` varchar(45),
  `apellidoUsuario` varchar(45),
  `telefono` varchar(20),
  `extension` varchar(10)
) ENGINE=MyISAM */;
SET character_set_client = @saved_cs_client;

--
-- Temporary table structure for view `vactividadesprofesores`
--

DROP TABLE IF EXISTS `vactividadesprofesores`;
/*!50001 DROP VIEW IF EXISTS `vactividadesprofesores`*/;
SET @saved_cs_client     = @@character_set_client;
SET character_set_client = utf8;
/*!50001 CREATE TABLE `vactividadesprofesores` (
  `idDepartamento` int(11),
  `indexUsuario` int(11),
  `idUsuario` varchar(9),
  `nombreUsuario` varchar(45),
  `apellidoUsuario` varchar(45),
  `genero` char(1),
  `email` varchar(100),
  `actividad` varchar(15),
  `diaSemana` varchar(45),
  `horaInicio` varchar(6),
  `horaFin` varchar(6),
  `duracion` varchar(4)
) ENGINE=MyISAM */;
SET character_set_client = @saved_cs_client;

--
-- Temporary table structure for view `vplanescarreras`
--

DROP TABLE IF EXISTS `vplanescarreras`;
/*!50001 DROP VIEW IF EXISTS `vplanescarreras`*/;
SET @saved_cs_client     = @@character_set_client;
SET character_set_client = utf8;
/*!50001 CREATE TABLE `vplanescarreras` (
  `nombreCarrera` varchar(100),
  `siglasCarrera` varchar(5),
  `anioPlan` varchar(5),
  `descripcionPlan` text,
  `semestre` varchar(2),
  `materia` varchar(5),
  `curso` varchar(5),
  `nombreMateria` varchar(100)
) ENGINE=MyISAM */;
SET character_set_client = @saved_cs_client;

--
-- Table structure for table `plandeestudios`
--

DROP TABLE IF EXISTS `plandeestudios`;
/*!40101 SET @saved_cs_client     = @@character_set_client */;
/*!40101 SET character_set_client = utf8 */;
CREATE TABLE `plandeestudios` (
  `idPlanDeEstudios` int(11) NOT NULL AUTO_INCREMENT,
  `idCarrera` int(11) NOT NULL DEFAULT '0',
  `anioPlan` varchar(5) COLLATE utf8_spanish_ci NOT NULL,
  `descripcion` text COLLATE utf8_spanish_ci,
  PRIMARY KEY (`idPlanDeEstudios`,`idCarrera`),
  KEY `planDeEstudiosCarrera` (`idCarrera`),
  CONSTRAINT `planDeEstudiosCarrera` FOREIGN KEY (`idCarrera`) REFERENCES `carrera` (`idCarrera`) ON DELETE CASCADE ON UPDATE CASCADE
) ENGINE=InnoDB AUTO_INCREMENT=4 DEFAULT CHARSET=utf8 COLLATE=utf8_spanish_ci;
/*!40101 SET character_set_client = @saved_cs_client */;

--
-- Dumping data for table `plandeestudios`
--

LOCK TABLES `plandeestudios` WRITE;
/*!40000 ALTER TABLE `plandeestudios` DISABLE KEYS */;
INSERT INTO `plandeestudios` VALUES (1,1,'2009','Plan de Estudios 2009'),(2,1,'2011','Plan de Estudios 2011'),(3,2,'2011','Plan de Estudios 2011');
/*!40000 ALTER TABLE `plandeestudios` ENABLE KEYS */;
UNLOCK TABLES;

--
-- Table structure for table `periodo`
--

DROP TABLE IF EXISTS `periodo`;
/*!40101 SET @saved_cs_client     = @@character_set_client */;
/*!40101 SET character_set_client = utf8 */;
CREATE TABLE `periodo` (
  `idPeriodo` int(11) NOT NULL AUTO_INCREMENT,
  `anio` varchar(4) COLLATE utf8_spanish_ci NOT NULL COMMENT 'Esta llave se toma del excel, esta llave es auto descriptiva, los 4 primeros caracteres corresponden al año y los ultimos dos al periodo (Ene-Mayo,Vernao,Ago-Dic)',
  `periodoValue` varchar(4) COLLATE utf8_spanish_ci NOT NULL COMMENT '11 es Ene-May, 12 es Verano, y 13 es Ago-Dic',
  `periodo` varchar(20) COLLATE utf8_spanish_ci NOT NULL COMMENT 'El periodo en formato Ene-May, Verano, Ago-Dic',
  PRIMARY KEY (`idPeriodo`)
) ENGINE=InnoDB AUTO_INCREMENT=201529 DEFAULT CHARSET=utf8 COLLATE=utf8_spanish_ci;
/*!40101 SET character_set_client = @saved_cs_client */;

--
-- Dumping data for table `periodo`
--

LOCK TABLES `periodo` WRITE;
/*!40000 ALTER TABLE `periodo` DISABLE KEYS */;
INSERT INTO `periodo` VALUES (201111,'2011','11','Enero-Mayo'),(201112,'2011','12','Verano'),(201113,'2011','13','Agosto-Diciembre'),(201211,'2012','11','Enero-Mayo'),(201212,'2012','12','Verano'),(201213,'2012','13','Agosto-Diciembre'),(201214,'2012','11','Enero-Mayo'),(201215,'2012','11','Enero-Mayo'),(201216,'2012','11','Enero-Mayo'),(201217,'2012','11','Enero-Mayo'),(201218,'2012','11','Enero-Mayo'),(201219,'2012','11','Enero-Mayo'),(201220,'2012','11','Enero-Mayo'),(201221,'2012','11','Enero-Mayo'),(201222,'2012','11','Enero-Mayo'),(201223,'2012','11','Enero-Mayo'),(201224,'2012','11','Enero-Mayo'),(201225,'2012','11','Enero-Mayo'),(201226,'2012','11','Enero-Mayo'),(201227,'2012','11','Enero-Mayo'),(201228,'2012','11','Enero-Mayo'),(201229,'2012','11','Enero-Mayo'),(201230,'2012','11','Enero-Mayo'),(201231,'2012','11','Enero-Mayo'),(201232,'2012','11','Enero-Mayo'),(201233,'2012','11','Enero-Mayo'),(201234,'2012','11','Enero-Mayo'),(201235,'2012','11','Enero-Mayo'),(201236,'2012','11','Enero-Mayo'),(201237,'2012','11','Enero-Mayo'),(201238,'2012','11','Enero-Mayo'),(201239,'2012','11','Enero-Mayo'),(201240,'2012','11','Enero-Mayo'),(201241,'2012','11','Enero-Mayo'),(201242,'2012','11','Enero-Mayo'),(201243,'2012','11','Enero-Mayo'),(201244,'2012','11','Enero-Mayo'),(201245,'2012','11','Enero-Mayo'),(201246,'2012','11','Enero-Mayo'),(201247,'2012','11','Enero-Mayo'),(201248,'2012','11','Enero-Mayo'),(201249,'2012','11','Enero-Mayo'),(201250,'2012','11','Enero-Mayo'),(201251,'2012','11','Enero-Mayo'),(201252,'2012','11','Enero-Mayo'),(201253,'2012','11','Enero-Mayo'),(201254,'2012','11','Enero-Mayo'),(201255,'2012','11','Enero-Mayo'),(201256,'2012','11','Enero-Mayo'),(201257,'2012','11','Enero-Mayo'),(201258,'2012','11','Enero-Mayo'),(201259,'2012','11','Enero-Mayo'),(201260,'2012','11','Enero-Mayo'),(201261,'2012','11','Enero-Mayo'),(201262,'2012','11','Enero-Mayo'),(201263,'2012','11','Enero-Mayo'),(201264,'2012','11','Enero-Mayo'),(201265,'2012','11','Enero-Mayo'),(201266,'2012','11','Enero-Mayo'),(201267,'2012','11','Enero-Mayo'),(201268,'2012','11','Enero-Mayo'),(201269,'2012','11','Enero-Mayo'),(201270,'2012','11','Enero-Mayo'),(201271,'2012','11','Enero-Mayo'),(201272,'2012','11','Enero-Mayo'),(201273,'2012','11','Enero-Mayo'),(201274,'2012','11','Enero-Mayo'),(201275,'2012','11','Enero-Mayo'),(201276,'2012','11','Enero-Mayo'),(201277,'2012','11','Enero-Mayo'),(201278,'2012','11','Enero-Mayo'),(201279,'2012','11','Enero-Mayo'),(201280,'2012','11','Enero-Mayo'),(201281,'2012','11','Enero-Mayo'),(201282,'2012','11','Enero-Mayo'),(201283,'2012','11','Enero-Mayo'),(201284,'2012','11','Enero-Mayo'),(201285,'2012','11','Enero-Mayo'),(201286,'2012','11','Enero-Mayo'),(201287,'2012','11','Enero-Mayo'),(201288,'2012','11','Enero-Mayo'),(201289,'2012','11','Enero-Mayo'),(201290,'2012','11','Enero-Mayo'),(201291,'2012','11','Enero-Mayo'),(201292,'2012','11','Enero-Mayo'),(201293,'2012','11','Enero-Mayo'),(201294,'2012','11','Enero-Mayo'),(201295,'2012','11','Enero-Mayo'),(201296,'2012','11','Enero-Mayo'),(201297,'2012','11','Enero-Mayo'),(201298,'2012','11','Enero-Mayo'),(201299,'2012','11','Enero-Mayo'),(201300,'2012','11','Enero-Mayo'),(201301,'2012','11','Enero-Mayo'),(201302,'2012','11','Enero-Mayo'),(201303,'2012','11','Enero-Mayo'),(201304,'2012','11','Enero-Mayo'),(201305,'2012','11','Enero-Mayo'),(201306,'2012','11','Enero-Mayo'),(201307,'2012','11','Enero-Mayo'),(201308,'2012','11','Enero-Mayo'),(201309,'2012','11','Enero-Mayo'),(201310,'2012','11','Enero-Mayo'),(201311,'2012','11','Enero-Mayo'),(201312,'2012','11','Enero-Mayo'),(201313,'2012','11','Enero-Mayo'),(201314,'2012','11','Enero-Mayo'),(201315,'2012','11','Enero-Mayo'),(201316,'2012','11','Enero-Mayo'),(201317,'2012','11','Enero-Mayo'),(201318,'2012','11','Enero-Mayo'),(201319,'2012','11','Enero-Mayo'),(201320,'2012','11','Enero-Mayo'),(201321,'2012','11','Enero-Mayo'),(201322,'2012','11','Enero-Mayo'),(201323,'2012','11','Enero-Mayo'),(201324,'2012','11','Enero-Mayo'),(201325,'2012','11','Enero-Mayo'),(201326,'2012','11','Enero-Mayo'),(201327,'2012','11','Enero-Mayo'),(201328,'2012','11','Enero-Mayo'),(201329,'2012','11','Enero-Mayo'),(201330,'2012','11','Enero-Mayo'),(201331,'2012','11','Enero-Mayo'),(201332,'2012','11','Enero-Mayo'),(201333,'2012','11','Enero-Mayo'),(201334,'2012','11','Enero-Mayo'),(201335,'2012','11','Enero-Mayo'),(201336,'2012','11','Enero-Mayo'),(201337,'2012','11','Enero-Mayo'),(201338,'2012','11','Enero-Mayo'),(201339,'2012','11','Enero-Mayo'),(201340,'2012','11','Enero-Mayo'),(201341,'2012','11','Enero-Mayo'),(201342,'2012','11','Enero-Mayo'),(201343,'2012','11','Enero-Mayo'),(201344,'2012','11','Enero-Mayo'),(201345,'2012','11','Enero-Mayo'),(201346,'2012','11','Enero-Mayo'),(201347,'2012','11','Enero-Mayo'),(201348,'2012','11','Enero-Mayo'),(201349,'2012','11','Enero-Mayo'),(201350,'2012','11','Enero-Mayo'),(201351,'2012','11','Enero-Mayo'),(201352,'2012','11','Enero-Mayo'),(201353,'2012','11','Enero-Mayo'),(201354,'2012','11','Enero-Mayo'),(201355,'2012','11','Enero-Mayo'),(201356,'2012','11','Enero-Mayo'),(201357,'2012','11','Enero-Mayo'),(201358,'2012','11','Enero-Mayo'),(201359,'2012','11','Enero-Mayo'),(201360,'2012','11','Enero-Mayo'),(201361,'2012','11','Enero-Mayo'),(201362,'2012','11','Enero-Mayo'),(201363,'2012','11','Enero-Mayo'),(201364,'2012','11','Enero-Mayo'),(201365,'2012','11','Enero-Mayo'),(201366,'2012','11','Enero-Mayo'),(201367,'2012','11','Enero-Mayo'),(201368,'2012','11','Enero-Mayo'),(201369,'2012','11','Enero-Mayo'),(201370,'2012','11','Enero-Mayo'),(201371,'2012','11','Enero-Mayo'),(201372,'2012','11','Enero-Mayo'),(201373,'2012','11','Enero-Mayo'),(201374,'2012','11','Enero-Mayo'),(201375,'2012','11','Enero-Mayo'),(201376,'2012','11','Enero-Mayo'),(201377,'2012','11','Enero-Mayo'),(201378,'2012','11','Enero-Mayo'),(201379,'2012','11','Enero-Mayo'),(201380,'2012','11','Enero-Mayo'),(201381,'2012','11','Enero-Mayo'),(201382,'2012','11','Enero-Mayo'),(201383,'2012','11','Enero-Mayo'),(201384,'2012','11','Enero-Mayo'),(201385,'2012','11','Enero-Mayo'),(201386,'2012','11','Enero-Mayo'),(201387,'2012','11','Enero-Mayo'),(201388,'2012','11','Enero-Mayo'),(201389,'2012','11','Enero-Mayo'),(201390,'2012','11','Enero-Mayo'),(201391,'2012','11','Enero-Mayo'),(201392,'2012','11','Enero-Mayo'),(201393,'2012','11','Enero-Mayo'),(201394,'2012','11','Enero-Mayo'),(201395,'2012','11','Enero-Mayo'),(201396,'2012','11','Enero-Mayo'),(201397,'2012','11','Enero-Mayo'),(201398,'2012','11','Enero-Mayo'),(201399,'2012','11','Enero-Mayo'),(201400,'2012','11','Enero-Mayo'),(201401,'2012','11','Enero-Mayo'),(201402,'2012','11','Enero-Mayo'),(201403,'2012','11','Enero-Mayo'),(201404,'2012','11','Enero-Mayo'),(201405,'2012','11','Enero-Mayo'),(201406,'2012','11','Enero-Mayo'),(201407,'2012','11','Enero-Mayo'),(201408,'2012','11','Enero-Mayo'),(201409,'2012','11','Enero-Mayo'),(201410,'2012','11','Enero-Mayo'),(201411,'2012','11','Enero-Mayo'),(201412,'2012','11','Enero-Mayo'),(201413,'2012','11','Enero-Mayo'),(201414,'2012','11','Enero-Mayo'),(201415,'2012','11','Enero-Mayo'),(201416,'2012','11','Enero-Mayo'),(201417,'2012','11','Enero-Mayo'),(201418,'2012','11','Enero-Mayo'),(201419,'2012','11','Enero-Mayo'),(201420,'2012','11','Enero-Mayo'),(201421,'2012','11','Enero-Mayo'),(201422,'2012','11','Enero-Mayo'),(201423,'2012','11','Enero-Mayo'),(201424,'2012','11','Enero-Mayo'),(201425,'2012','11','Enero-Mayo'),(201426,'2012','11','Enero-Mayo'),(201427,'2012','11','Enero-Mayo'),(201428,'2012','11','Enero-Mayo'),(201429,'2012','11','Enero-Mayo'),(201430,'2012','11','Enero-Mayo'),(201431,'2012','11','Enero-Mayo'),(201432,'2012','11','Enero-Mayo'),(201433,'2012','11','Enero-Mayo'),(201434,'2012','11','Enero-Mayo'),(201435,'2012','11','Enero-Mayo'),(201436,'2012','11','Enero-Mayo'),(201437,'2012','11','Enero-Mayo'),(201438,'2012','11','Enero-Mayo'),(201439,'2012','11','Enero-Mayo'),(201440,'2012','11','Enero-Mayo'),(201441,'2012','11','Enero-Mayo'),(201442,'2012','11','Enero-Mayo'),(201443,'2012','11','Enero-Mayo'),(201444,'2012','11','Enero-Mayo'),(201445,'2012','11','Enero-Mayo'),(201446,'2012','11','Enero-Mayo'),(201447,'2012','11','Enero-Mayo'),(201448,'2012','11','Enero-Mayo'),(201449,'2012','11','Enero-Mayo'),(201450,'2012','11','Enero-Mayo'),(201451,'2012','11','Enero-Mayo'),(201452,'2012','11','Enero-Mayo'),(201453,'2012','11','Enero-Mayo'),(201454,'2012','11','Enero-Mayo'),(201455,'2012','11','Enero-Mayo'),(201456,'2012','11','Enero-Mayo'),(201457,'2012','11','Enero-Mayo'),(201458,'2012','11','Enero-Mayo'),(201459,'2012','11','Enero-Mayo'),(201460,'2012','11','Enero-Mayo'),(201461,'2012','11','Enero-Mayo'),(201462,'','0',''),(201463,'','0',''),(201464,'','0',''),(201465,'','0',''),(201466,'','0',''),(201467,'','0',''),(201468,'','0',''),(201469,'','0',''),(201470,'','0',''),(201471,'','0',''),(201472,'','0',''),(201473,'','0',''),(201474,'','0',''),(201475,'','0',''),(201476,'','0',''),(201477,'','0',''),(201478,'','0',''),(201479,'','0',''),(201480,'','0',''),(201481,'','0',''),(201482,'','0',''),(201483,'','0',''),(201484,'','0',''),(201485,'','0',''),(201486,'','0',''),(201487,'','0',''),(201488,'','0',''),(201489,'','0',''),(201490,'','0',''),(201491,'','0',''),(201492,'','0',''),(201493,'','0',''),(201494,'','0',''),(201495,'','0',''),(201496,'','0',''),(201497,'','0',''),(201498,'','0',''),(201499,'','0',''),(201500,'','0',''),(201501,'','0',''),(201502,'','0',''),(201503,'','0',''),(201504,'','0',''),(201505,'','0',''),(201506,'','0',''),(201507,'','0',''),(201508,'','0',''),(201509,'','0',''),(201510,'','0',''),(201511,'','0',''),(201512,'','0',''),(201513,'','0',''),(201514,'','0',''),(201515,'','0',''),(201516,'','0',''),(201517,'','0',''),(201518,'','0',''),(201519,'','0',''),(201520,'','0',''),(201521,'','0',''),(201522,'','0',''),(201523,'','0',''),(201524,'','0',''),(201525,'','0',''),(201526,'','0',''),(201527,'','0',''),(201528,'','0','');
/*!40000 ALTER TABLE `periodo` ENABLE KEYS */;
UNLOCK TABLES;

--
-- Table structure for table `departamento`
--

DROP TABLE IF EXISTS `departamento`;
/*!40101 SET @saved_cs_client     = @@character_set_client */;
/*!40101 SET character_set_client = utf8 */;
CREATE TABLE `departamento` (
  `idDepartamento` int(11) NOT NULL AUTO_INCREMENT,
  `siglas` varchar(10) COLLATE utf8_spanish_ci NOT NULL COMMENT 'CS(Ciencias Computacioanles), son las siglas del departamento',
  `departamento` varchar(45) COLLATE utf8_spanish_ci DEFAULT NULL COMMENT 'Nombre del Departamento',
  PRIMARY KEY (`idDepartamento`)
) ENGINE=InnoDB AUTO_INCREMENT=3 DEFAULT CHARSET=utf8 COLLATE=utf8_spanish_ci;
/*!40101 SET character_set_client = @saved_cs_client */;

--
-- Dumping data for table `departamento`
--

LOCK TABLES `departamento` WRITE;
/*!40000 ALTER TABLE `departamento` DISABLE KEYS */;
INSERT INTO `departamento` VALUES (1,'CS','Ciencias Computacionales'),(2,'','');
/*!40000 ALTER TABLE `departamento` ENABLE KEYS */;
UNLOCK TABLES;

--
-- Table structure for table `semestremateria`
--

DROP TABLE IF EXISTS `semestremateria`;
/*!40101 SET @saved_cs_client     = @@character_set_client */;
/*!40101 SET character_set_client = utf8 */;
CREATE TABLE `semestremateria` (
  `materia` varchar(5) COLLATE utf8_spanish_ci NOT NULL,
  `curso` varchar(5) COLLATE utf8_spanish_ci NOT NULL,
  `idSemestre` int(11) NOT NULL,
  `idPlan` int(11) NOT NULL,
  `idCarrera` int(11) NOT NULL,
  PRIMARY KEY (`idSemestre`,`idPlan`,`materia`,`curso`,`idCarrera`),
  KEY `SMSem` (`idSemestre`,`idPlan`,`idCarrera`),
  KEY `SMMateria` (`materia`,`curso`),
  CONSTRAINT `SMMateria` FOREIGN KEY (`materia`, `curso`) REFERENCES `materia` (`materia`, `curso`) ON DELETE CASCADE ON UPDATE CASCADE,
  CONSTRAINT `SMSem` FOREIGN KEY (`idSemestre`, `idPlan`, `idCarrera`) REFERENCES `semestre` (`idSemestre`, `idPlan`, `idCarrera`) ON DELETE CASCADE ON UPDATE CASCADE
) ENGINE=InnoDB DEFAULT CHARSET=utf8 COLLATE=utf8_spanish_ci;
/*!40101 SET character_set_client = @saved_cs_client */;

--
-- Dumping data for table `semestremateria`
--

LOCK TABLES `semestremateria` WRITE;
/*!40000 ALTER TABLE `semestremateria` DISABLE KEYS */;
INSERT INTO `semestremateria` VALUES ('F','1001',11,2,1),('H','1001',11,2,1),('TC','1003',12,2,1),('TC','1014',12,2,1),('TC','1022',12,2,1),('TC','1022',14,2,1),('TC','1021',15,2,1),('F','1001',21,3,2),('TC','1003',21,3,2),('TC','1014',22,3,2),('TC','1022',22,3,2),('MA','2009',24,3,2),('TC','1021',25,3,2);
/*!40000 ALTER TABLE `semestremateria` ENABLE KEYS */;
UNLOCK TABLES;

--
-- Temporary table structure for view `vusuariosnotificacion`
--

DROP TABLE IF EXISTS `vusuariosnotificacion`;
/*!50001 DROP VIEW IF EXISTS `vusuariosnotificacion`*/;
SET @saved_cs_client     = @@character_set_client;
SET character_set_client = utf8;
/*!50001 CREATE TABLE `vusuariosnotificacion` (
  `idtablaNotificacion` int(11),
  `idDepartamento` int(11),
  `departamento` varchar(45),
  `siglas` varchar(10),
  `indexUsuario` int(11),
  `idUsuario` varchar(9),
  `nombreUsuario` varchar(45),
  `apellidoUsuario` varchar(45),
  `genero` char(1),
  `email` varchar(100),
  `alta` bit(1),
  `rol` char(5),
  `administrador` bit(1)
) ENGINE=MyISAM */;
SET character_set_client = @saved_cs_client;

--
-- Table structure for table `grupo`
--

DROP TABLE IF EXISTS `grupo`;
/*!40101 SET @saved_cs_client     = @@character_set_client */;
/*!40101 SET character_set_client = utf8 */;
CREATE TABLE `grupo` (
  `CRN` int(11) NOT NULL,
  `materia` varchar(5) COLLATE utf8_spanish_ci NOT NULL,
  `curso` varchar(5) COLLATE utf8_spanish_ci NOT NULL,
  `idDepartamento` int(11) NOT NULL,
  `indexUsuario` int(11) NOT NULL,
  `idPeriodo` int(11) NOT NULL,
  `atributos` varchar(50) COLLATE utf8_spanish_ci DEFAULT NULL COMMENT 'Atributos de la clase, vienen en el excel en la casilla Atributos',
  `horasClase` varchar(4) COLLATE utf8_spanish_ci DEFAULT NULL COMMENT 'HC en el excel',
  `horasLaboratorio` varchar(4) COLLATE utf8_spanish_ci DEFAULT NULL COMMENT 'HL en el excel',
  `unidades` varchar(2) COLLATE utf8_spanish_ci DEFAULT NULL COMMENT 'UN en el excel',
  `porcentajeClase` varchar(6) COLLATE utf8_spanish_ci NOT NULL COMMENT 'Porcentaje de clase que da el profesor.',
  `numeroProfesores` smallint(6) NOT NULL COMMENT 'Numero de profesores que dan la clase',
  `claseExclusiva` smallint(6) NOT NULL COMMENT 'Si la clase es exclusiva de un profesor, 0 si no 1 si si',
  `alumnosInscritos` int(11) NOT NULL,
  PRIMARY KEY (`CRN`,`materia`,`idDepartamento`,`indexUsuario`,`idPeriodo`,`curso`),
  KEY `GrupoUsuario` (`indexUsuario`,`idDepartamento`),
  KEY `GrupoPeriodo` (`idPeriodo`),
  KEY `GrupoMateria` (`materia`,`curso`),
  CONSTRAINT `GrupoMateria` FOREIGN KEY (`materia`, `curso`) REFERENCES `materia` (`materia`, `curso`) ON DELETE CASCADE ON UPDATE CASCADE,
  CONSTRAINT `GrupoPeriodo` FOREIGN KEY (`idPeriodo`) REFERENCES `periodo` (`idPeriodo`) ON DELETE CASCADE ON UPDATE CASCADE,
  CONSTRAINT `GrupoUsuario` FOREIGN KEY (`indexUsuario`, `idDepartamento`) REFERENCES `usuario` (`indexUsuario`, `idDepartamento`) ON DELETE CASCADE ON UPDATE CASCADE
) ENGINE=InnoDB DEFAULT CHARSET=utf8 COLLATE=utf8_spanish_ci;
/*!40101 SET character_set_client = @saved_cs_client */;

--
-- Dumping data for table `grupo`
--

LOCK TABLES `grupo` WRITE;
/*!40000 ALTER TABLE `grupo` DISABLE KEYS */;
INSERT INTO `grupo` VALUES (1,'TC','1014',1,1,201111,NULL,'3','3','8','50%',2,0,20),(1,'TC','1014',1,2,201111,NULL,'3','3','8','50%',2,0,20),(2,'F','1001',1,3,201112,NULL,'3','0','8','100%',1,0,10),(3,'H','1001',1,4,201112,NULL,'3','0','8','100%',1,0,20),(4,'TC','1003',1,1,201112,NULL,'3','0','8','100%',1,0,30),(5,'TC','1022',1,2,201112,NULL,'3','0','8','100%',1,0,30),(6,'MA','2009',1,3,201112,NULL,'3','0','8','100%',1,0,30),(7,'TC','1021',1,1,201113,NULL,'6','0','12','25%',4,0,50),(7,'TC','1021',1,2,201113,NULL,'6','0','12','25%',4,0,50),(7,'TC','1021',1,3,201113,NULL,'6','0','12','25%',4,0,50),(7,'TC','1021',1,4,201113,NULL,'6','0','12','25%',4,0,50),(6816,'IA','4001',1,6619,201211,'COFI, CRBB','3','0','12','',0,0,0),(6817,'IA','4002',1,6619,201211,'COFI','3','0','12','',0,0,0),(6818,'IA','4003',1,6619,201211,'COFI','3','0','12','',0,0,0),(6819,'IA','4004',1,2,201211,'COFI, CRBB','3','0','12','100.0',1,0,29),(6820,'IA','4005',1,6619,201211,'COFI, CRBB','3','0','12','',0,0,0),(6821,'IA','4009',1,6619,201211,'COFI, CRBB','3','0','12','50.0',2,0,12),(6822,'IA','5000',1,6619,201211,'COFI, CRBB','3','0','12','',0,0,0),(6823,'IA','5005',1,6619,201211,'COFI, CRBB','3','0','12','',0,0,0),(6824,'IA','5009',1,3,201211,'CEDI, COFI, CRBB','3','0','12','82.0',2,0,9),(6824,'IA','5009',1,6619,201211,'CEDI, COFI, CRBB','3','0','12','18.0',2,0,9),(6825,'IA','5012',1,6619,201211,'COFI, CRBB','3','0','12','',0,0,0),(6826,'IA','5019',1,6619,201211,'COFI, CTES','3','0','12','100.0',1,0,1),(6827,'IA','5019',1,6619,201211,'COFI, CTES','3','0','12','',0,0,0),(6828,'IA','5019',1,2,201211,'COFI, CTES','3','0','12','100.0',1,0,2),(6829,'IA','5019',1,6619,201211,'COFI, CTES','3','0','12','',0,0,0),(6830,'IA','5019',1,6619,201211,'COFI, CTES','3','0','12','100.0',1,0,1),(6831,'IA','5019',1,6619,201211,'COFI, CTES','3','0','12','100.0',1,0,1),(6832,'IA','5019',1,6619,201211,'COFI, CTES','3','0','12','',0,0,0),(6833,'IA','5019',1,6619,201211,'CEDI, COFI','3','0','12','',0,0,0),(6834,'IA','5019',1,4,201211,'COFI, CRBB','3','0','12','100.0',1,0,3),(6835,'IA','5019',1,6619,201211,'CEDI, COFI','3','0','12','',0,0,0),(6836,'IA','5019',1,6619,201211,'CEDI, COFI','3','0','12','100.0',1,0,3),(6837,'IA','5019',1,6619,201211,'CEDI, COFI','3','0','12','100.0',1,0,1),(6838,'IA','5019',1,6619,201211,'COFI','3','0','12','',0,0,0),(6839,'IA','5019',1,6619,201211,'COFI','3','0','12','',0,0,0),(6840,'IA','5019',1,6619,201211,'COFI','3','0','12','',0,0,0),(6841,'IA','5019',1,6619,201211,'COFI','3','0','12','',0,0,0),(6842,'IA','5019',1,6619,201211,'COFI','3','0','12','',0,0,0),(6843,'IA','5019',1,6619,201211,'COFI','3','0','12','',0,0,0),(6844,'IA','5019',1,6619,201211,'COFI','3','0','12','',0,0,0),(6845,'IA','5019',1,6619,201211,'COFI','3','0','12','',0,0,0),(6846,'IA','5020',1,6619,201211,'COFI, CTES','3','0','12','',0,0,0),(6847,'IA','5020',1,6619,201211,'COFI, CTES','3','0','12','',0,0,0),(6848,'IA','5020',1,6619,201211,'COFI, CTES','3','0','12','',0,0,0),(6849,'IA','5020',1,6619,201211,'COFI, CTES','3','0','12','',0,0,0),(6850,'IA','5020',1,6619,201211,'COFI, CTES','3','0','12','100.0',1,0,2),(6851,'IA','5020',1,6618,201211,'COFI, CTES','3','0','12','100.0',1,0,2),(6852,'IA','5020',1,3,201211,'COFI','3','0','12','100.0',1,0,1),(6853,'IA','5020',1,3,201211,'CEDI, COFI','3','0','12','100.0',1,0,2),(6853,'IA','5020',1,6619,201211,'CEDI, COFI','3','0','12','100.0',1,0,2),(6854,'IA','5020',1,3,201211,'CEDI, COFI','3','0','12','100.0',1,0,1),(6854,'IA','5020',1,6619,201211,'CEDI, COFI','3','0','12','100.0',1,0,1),(6855,'IA','5020',1,6619,201211,'COFI','3','0','12','',0,0,0),(6856,'IA','5020',1,6619,201211,'COFI','3','0','12','',0,0,0),(6857,'IA','5020',1,6619,201211,'COFI','3','0','12','',0,0,0),(6858,'IA','5020',1,6619,201211,'COFI','3','0','12','',0,0,0),(6859,'IA','5020',1,6619,201211,'COFI','3','0','12','',0,0,0),(6860,'IA','5020',1,6619,201211,'COFI','3','0','12','',0,0,0),(6861,'IA','5020',1,6619,201211,'COFI','3','0','12','',0,0,0),(6862,'IA','5020',1,6619,201211,'COFI','3','0','12','',0,0,0),(6863,'IA','5020',1,6619,201211,'COFI','3','0','12','',0,0,0),(6864,'IA','5020',1,6619,201211,'COFI','3','0','12','',0,0,0),(6865,'IA','5020',1,6619,201211,'COFI','3','0','12','',0,0,0),(6866,'IA95','12',1,6619,201211,'CEDI, COFI, CRBB','3','0','8','',0,0,0),(6867,'IA95','13',1,6619,201211,'COFI','3','0','8','100.0',1,0,1),(6868,'IA95','20',1,6619,201211,'COFI','3','0','8','',0,0,0),(6869,'IA95','21',1,6619,201211,'COFI','3','0','8','',0,0,0),(7224,'M','2009',1,6617,201211,'CMPA, COFI, CRBB','3','0','8','100.0',1,0,31),(7225,'M','2009',1,6617,201211,'CMPA, COFI, CRBB','3','0','8','100.0',1,0,30),(7225,'M','2009',1,6619,201211,'CMPA, COFI, CRBB','3','0','8','100.0',1,0,30),(7226,'M','2009',1,6617,201211,'CMPA, COFI, CRBB','3','0','8','100.0',1,0,37),(7226,'M','2009',1,6619,201211,'CMPA, COFI, CRBB','3','0','8','100.0',1,0,37),(7227,'M','2009',1,6617,201211,'CMPA, COFI, CRBB','3','0','8','100.0',1,0,20),(7227,'M','2009',1,6619,201211,'CMPA, COFI, CRBB','3','0','8','100.0',1,0,20),(7228,'M','2009',1,6619,201211,'CMPA, COFI, CRBB','3','0','8','',0,0,0),(7229,'M','2009',1,6619,201211,'CMPA, COFI, CRBB, HONR','3','0','8','100.0',1,0,30),(7230,'M','2009',1,6619,201211,'CMPA, COFI, CRBB','3','0','8','100.0',1,0,32),(7231,'M','2009',1,6619,201211,'CMPA, COFI, CRBB','3','0','8','',0,0,0),(7232,'M','2009',1,6619,201211,'CMPA, COFI, CRBB','3','0','8','100.0',1,0,35),(7233,'M','2009',1,6619,201211,'CMPA, COFI, CRBB','3','0','8','',0,0,0),(7234,'M','2009',1,6619,201211,'CMPA, COFI, CRBB','3','0','8','100.0',1,0,37),(7235,'M','2009',1,6619,201211,'COFI, CRBB, TCOL','3','0','8','100.0',1,0,29),(7236,'M','2009',1,6619,201211,'COFI, CRBB','3','0','8','',0,0,0),(7237,'M','2009',1,6619,201211,'COFI, CRBB','3','0','8','100.0',1,0,41),(7238,'M','2009',1,6619,201211,'COFI, CRBB','3','0','8','',0,0,0),(7239,'M','2009',1,6619,201211,'COFI, CRBB','3','0','8','',0,0,0),(7240,'M','2009',1,6619,201211,'COFI, CRBB','3','0','8','100.0',1,0,30),(7241,'M','2009',1,6619,201211,'COFI, CRBB','3','0','8','100.0',1,0,33),(7242,'M','2009',1,6619,201211,'COFI, CRBB','3','0','8','100.0',1,0,20),(7243,'M','2009',1,6619,201211,'COFI, CRBB','3','0','8','',0,0,0),(7244,'M','2009',1,6619,201211,'COFI, CRBB','3','0','8','100.0',1,0,28),(7245,'M','2009',1,6619,201211,'COFI, CRBB','3','0','8','',0,0,0),(8389,'TC','1000',1,6619,201211,'COFI, CRBB, TCOL','3','0','8','100.0',1,0,12),(8390,'TC','1001',1,6619,201211,'CAES, CMAS, COFI, CRBB, TCOL','3','0','8','100.0',1,0,14),(8391,'TC','1001',1,6619,201211,'CAES, CMAS, COFI, CRBB, TCOL','3','0','8','100.0',1,0,32),(8392,'TC','1001',1,6619,201211,'CAES, CMPA, COFI, CRBB, TCOL','3','0','8','100.0',1,0,19),(8393,'TC','1001',1,6619,201211,'CAES, CMPA, COFI, CRBB, TCOL','3','0','8','',0,0,0),(8394,'TC','1001',1,6619,201211,'CAES, CEDI, CMAS, COFI, CRBB, TCOL','3','0','8','',0,0,0),(8395,'TC','1001',1,6619,201211,'CAES, CMPA, COFI, CRBB, TCOL','3','0','8','100.0',1,0,15),(8396,'TC','1001',1,6619,201211,'CAES, CMPA, COFI, CRBB, TCOL','3','0','8','',0,0,0),(8397,'TC','1001',1,6619,201211,'CAES, COFI, CRBB, TCOL','3','0','8','100.0',1,0,20),(8398,'TC','1001',1,6619,201211,'CAES, CMPA, COFI, CRBB, TCOL','3','0','8','100.0',1,0,18),(8399,'TC','1001',1,6619,201211,'CAES, CMPA, COFI, CRBB, TCOL','3','0','8','100.0',1,0,32),(8400,'TC','1001',1,6619,201211,'CAES, COFI, CRBB, TCOL','3','0','8','',0,0,0),(8401,'TC','1001',1,6619,201211,'CAES, CETI, COFI, CRBB, TCOL','3','0','8','',0,0,0),(8402,'TC','1001',1,6619,201211,'CAES, COFI, CRBB','3','0','8','',0,0,0),(8403,'TC','1001',1,6619,201211,'CAES, COFI, CRBB','3','0','8','',0,0,0),(8404,'TC','1001',1,6619,201211,'CAES, COFI, CRBB','3','0','8','',0,0,0),(8405,'TC','1001',1,6619,201211,'CAES, COFI, CRBB','3','0','8','',0,0,0),(8406,'TC','1001',1,6619,201211,'CAES, COFI','3','0','8','',0,0,0),(8407,'TC','1003',1,6619,201211,'CMPA, COFI, CRBB, TCOL','3','0','8','',0,0,0),(8408,'TC','1003',1,6619,201211,'CMPA, COFI, CRBB, TCOL','3','0','8','100.0',1,0,31),(8409,'TC','1003',1,6619,201211,'COFI, CRBB','3','0','8','',0,0,0),(8410,'TC','1005',1,6619,201211,'CETI, CMAS, COFI, CRBB, TCOL','3','4','12','100.0',1,0,15),(8411,'TC','1006',1,6619,201211,'CMAS, COFI, CRBB, TPOL','3','0','8','100.0',1,0,17),(8412,'TC','1006',1,6619,201211,'CMAS, COFI, CRBB, TPOL','3','0','8','',0,0,0),(8413,'TC','1007',1,6619,201211,'CMAD, COFI, CRBB, TCOL','3','1','8','100.0',1,0,9),(8414,'TC','1007',1,6619,201211,'CMAS, COFI, CRBB, TCOL','3','1','8','100.0',1,0,32),(8415,'TC','1007',1,6619,201211,'CMAS, COFI, CRBB, TCOL','3','1','8','100.0',1,0,31),(8416,'TC','1007',1,6619,201211,'COFI, CRBB','3','1','8','100.0',1,0,32),(8417,'TC','1009',1,6619,201211,'CMAS, COFI, CRBB, TPBL','5','0','12','100.0',1,0,40),(8418,'TC','1009',1,6619,201211,'CMAS, COFI, CRBB, TPBL','5','0','12','100.0',1,0,36),(8419,'TC','1009',1,6619,201211,'COFI, CRBB','5','0','12','100.0',1,0,14),(8420,'TC','1009',1,6619,201211,'COFI','5','0','12','',0,0,0),(8421,'TC','1013',1,6619,201211,'COFI, CRBB','3','0','8','100.0',1,0,34),(8422,'TC','1014',1,6619,201211,'COFI, CRBB','3','0','8','100.0',1,0,18),(8423,'TC','1014',1,6619,201211,'COFI, CRBB, TCOL','3','0','8','100.0',1,0,15),(8424,'TC','1014',1,6619,201211,'COFI, CRBB','3','0','8','',0,0,0),(8425,'TC','1014',1,6619,201211,'CETI, COFI, CRBB, TCOL','3','0','8','100.0',1,0,29),(8426,'TC','1014',1,6619,201211,'COFI, CRBB, TCOL','3','0','8','100.0',1,0,32),(8427,'TC','1014',1,6619,201211,'CEDI, COFI, CRBB','3','0','8','',0,0,0),(8428,'TC','1015',1,6619,201211,'COFI, CRBB','3','0','8','100.0',1,0,23),(8429,'TC','1015',1,6619,201211,'COFI, CRBB','3','0','8','100.0',1,0,13),(8430,'TC','1015',1,6619,201211,'COFI, CRBB','3','0','8','100.0',1,0,26),(8431,'TC','1015',1,6619,201211,'COFI, CRBB','3','0','8','100.0',1,0,26),(8432,'TC','1015',1,6619,201211,'COFI, CRBB','3','0','8','100.0',1,0,26),(8433,'TC','1015',1,6619,201211,'COFI, CRBB','3','0','8','',0,0,0),(8434,'TC','1016',1,6619,201211,'CMPA, COFI, CRBB, INGL, TCOL','3','1','8','100.0',1,0,11),(8435,'TC','1016',1,6619,201211,'CMAS, COFI, CRBB, CRIN, TCOL','3','1','8','',0,0,0),(8436,'TC','1016',1,6619,201211,'COFI, CRBB','3','1','8','100.0',1,0,27),(8437,'TC','1016',1,6619,201211,'COFI, CRBB','3','1','8','100.0',1,0,19),(8438,'TC','1017',1,6619,201211,'CAES, COFI, CRBB, TCOL','3','0','8','100.0',1,0,36),(8439,'TC','1017',1,6619,201211,'CAES, COFI, CRBB, TCOL','3','0','8','100.0',1,0,36),(8440,'TC','1017',1,6619,201211,'CAES, COFI, CRBB','3','0','8','100.0',1,0,33),(8441,'TC','1017',1,6619,201211,'CAES, COFI, CRBB, TCOL','3','0','8','100.0',1,0,29),(8442,'TC','1017',1,6619,201211,'CAES, COFI, CRBB','3','0','8','100.0',1,0,30),(8443,'TC','1017',1,6619,201211,'CAES, COFI, CRBB','3','0','8','100.0',1,0,29),(8444,'TC','1017',1,6619,201211,'CAES, COFI, CRBB','3','0','8','100.0',1,0,32),(8445,'TC','1017',1,6619,201211,'CAES, COFI, CRBB','3','0','8','100.0',1,0,30),(8446,'TC','1017',1,6619,201211,'CAES, COFI, CRBB','3','0','8','100.0',1,0,28),(8447,'TC','1017',1,6619,201211,'CAES, COFI, CRBB','3','0','8','100.0',1,0,30),(8448,'TC','1017',1,6619,201211,'CAES, COFI, CRBB','3','0','8','100.0',1,0,22),(8449,'TC','1017',1,6619,201211,'CAES, COFI, CRBB','3','0','8','',0,0,0),(8450,'TC','1017',1,6619,201211,'CAES, COFI, CRBB','3','0','8','100.0',1,0,30),(8451,'TC','1017',1,6619,201211,'CAES, COFI, CRBB','3','0','8','',0,0,0),(8452,'TC','1017',1,6619,201211,'CAES, COFI, CRBB','3','0','8','100.0',1,0,28),(8453,'TC','1017',1,6619,201211,'CAES, COFI, CRBB','3','0','8','',0,0,0),(8454,'TC','1017',1,6619,201211,'CAES, COFI, CRBB','3','0','8','100.0',1,0,32),(8455,'TC','1017',1,6619,201211,'CAES, COFI, CRBB','3','0','8','100.0',1,0,30),(8456,'TC','1017',1,6619,201211,'CAES, COFI, CRBB','3','0','8','100.0',1,0,32),(8457,'TC','1017',1,6619,201211,'CAES, COFI, CRBB','3','0','8','',0,0,0),(8458,'TC','1022',1,1,201211,'COFI, CRBB','3','0','4','100.0',1,0,4),(8459,'TC','1024',1,6619,201211,'COFI, CRBB','3','0','4','',0,0,0),(8460,'TC','2001',1,6619,201211,'CMPA, COFI, CRBB, TCOL','3','2','8','100.0',1,0,25),(8461,'TC','2001',1,6619,201211,'CMPA, COFI, CRBB, TCOL','3','2','8','',0,0,0),(8462,'TC','2002',1,6619,201211,'CMPA, COFI, CRBB, CTER, CUTE, TCOL','3','1','8','',0,0,0),(8463,'TC','2002',1,6619,201211,'CMAS, COFI, CRBB, CTER, CUTE','3','1','8','100.0',1,0,27),(8464,'TC','2002',1,6619,201211,'CMPA, COFI, CRBB, CTER, CUTE, TCOL','3','1','8','100.0',1,0,27),(8465,'TC','2002',1,6619,201211,'COFI, CRBB, CUTE','3','1','8','100.0',1,0,22),(8466,'TC','2003',1,6619,201211,'CMAS, COFI, CRBB','3','0','8','100.0',1,0,35),(8467,'TC','2003',1,6619,201211,'COFI, CRBB','3','0','8','',0,0,0),(8468,'TC','2004',1,6619,201211,'COFI, CRBB','3','0','8','',0,0,0),(8469,'TC','2004',1,6619,201211,'COFI, CRBB','3','0','8','100.0',1,0,20),(8470,'TC','2005',1,6619,201211,'CMPA, COFI, CRBB, CUTE','3','2','8','100.0',1,0,30),(8471,'TC','2005',1,6619,201211,'CMPA, COFI, CRBB, CUTE','3','2','8','100.0',1,0,12),(8472,'TC','2006',1,6619,201211,'CMPA, COFI, CRBB, CTER, CUTE, TCOL','3','0','8','100.0',1,0,28),(8473,'TC','2006',1,6619,201211,'COFI, CRBB, CUTE','3','0','8','',0,0,0),(8474,'TC','2007',1,6617,201211,'CMPA, COFI, CRBB, CUTE, TPBL','3','0','8','100.0',1,0,29),(8475,'TC','2007',1,6617,201211,'COFI, CRBB, CUTE','3','0','8','100.0',1,0,10),(8476,'TC','2008',1,4,201211,'CMPA, COFI, CRBB, CTER, CUTE, TPBL','3','1','8','35.0',2,0,60),(8476,'TC','2008',1,6619,201211,'CMPA, COFI, CRBB, CTER, CUTE, TPBL','3','1','8','65.0',2,0,60),(8477,'TC','2008',1,4,201211,'CMPA, COFI, CRBB, CTER, CUTE, TPBL','3','1','8','35.0',2,0,21),(8477,'TC','2008',1,6619,201211,'CMPA, COFI, CRBB, CTER, CUTE, TPBL','3','1','8','65.0',2,0,21),(8478,'TC','2008',1,6619,201211,'COFI, CUTE','3','1','8','',0,0,0),(8479,'TC','2008',1,6619,201211,'COFI, CUTE','3','1','8','',0,0,0),(8480,'TC','2009',1,6617,201211,'COFI, CRBB, CUTE','3','0','8','100.0',1,0,33),(8481,'TC','2010',1,6617,201211,'CMPA, COFI, CRBB, CUTE','3','0','8','100.0',1,0,36),(8481,'TC','2010',1,6619,201211,'CMPA, COFI, CRBB, CUTE','3','0','8','100.0',1,0,36),(8482,'TC','2011',1,6619,201211,'CMPA, COFI, CRBB, CUTE','3','0','8','',0,0,0),(8483,'TC','2012',1,6619,201211,'COFI, CRBB, CUTE','3','0','8','100.0',1,0,26),(8484,'TC','2013',1,6619,201211,'CMPA, COFI, CRBB','3','0','8','100.0',1,0,34),(8485,'TC','2013',1,6619,201211,'COFI, CRBB','3','0','8','',0,0,0),(8486,'TC','2014',1,6619,201211,'CMPA, COFI, CRBB','3','0','8','100.0',1,0,27),(8487,'TC','2015',1,6619,201211,'COFI, CRBB','3','0','8','100.0',1,0,17),(8488,'TC','2016',1,6619,201211,'CMPA, COFI, CRBB, TPOL','3','0','8','100.0',1,0,25),(8489,'TC','2016',1,6619,201211,'COFI, CRBB, TCOL','3','0','8','100.0',1,0,30),(8490,'TC','2016',1,6619,201211,'COFI, CRBB','3','0','8','100.0',1,0,13),(8491,'TC','2016',1,6619,201211,'COFI','3','0','8','',0,0,0),(8492,'TC','2016',1,6619,201211,'COFI, CRBB, TCOL','3','0','8','100.0',1,0,28),(8493,'TC','2016',1,6619,201211,'COFI, CRBB','3','0','8','100.0',1,0,31),(8494,'TC','2016',1,6619,201211,'COFI, CRBB, TCOL','3','0','8','100.0',1,0,30),(8495,'TC','2016',1,6619,201211,'COFI, CRBB','3','0','8','100.0',1,0,18),(8496,'TC','2016',1,6619,201211,'COFI','3','0','8','',0,0,0),(8497,'TC','2016',1,6619,201211,'COFI','3','0','8','',0,0,0),(8498,'TC','2021',1,6619,201211,'COFI','3','0','8','',0,0,0),(8499,'TC','3001',1,6619,201211,'COFI, CRBB','3','0','8','100.0',1,0,29),(8500,'TC','3002',1,6619,201211,'CA-S, CCTR, CEDI, CETI, CMAS, COFI, CRBB, TPOL','3','0','8','100.0',1,0,12),(8501,'TC','3003',1,6619,201211,'CMAS, COFI, CRBB, CUTE, TPBL','3','2','8','100.0',1,0,19),(8502,'TC','3003',1,6619,201211,'COFI, CRBB, CUTE','3','2','8','100.0',1,0,15),(8503,'TC','3004',1,6619,201211,'CEDI, CMAS, COFI, CRBB, CUTE, TCOL','3','1','8','',0,0,0),(8504,'TC','3005',1,6619,201211,'CEDI, CMPA, COFI, CRBB, TPOL','3','0','8','',0,0,0),(8505,'TC','3006',1,6619,201211,'CMAS, COFI, CRBB, TCOL','3','0','8','100.0',1,0,6),(8506,'TC','3007',1,6619,201211,'CMAS, COFI, CRBB, CTER, CUTE, TPOL','3','0','12','',0,0,0),(8507,'TC','3008',1,6619,201211,'COFI, CRBB','3','2','8','',0,0,0),(8508,'TC','3009',1,6619,201211,'COFI','3','2','8','',0,0,0),(8509,'TC','3009',1,6619,201211,'COFI','3','2','8','',0,0,0),(8510,'TC','3010',1,6619,201211,'COFI, CRBB, CUTE','3','0','8','100.0',1,0,13),(8511,'TC','3011',1,6619,201211,'COFI, CRBB, CUTE','3','0','8','100.0',1,0,10),(8512,'TC','3012',1,6619,201211,'COFI, CRBB, CUTE','3','2','8','100.0',1,0,11),(8513,'TC','3013',1,6619,201211,'CEDI, COFI, CRBB','3','2','8','100.0',1,0,1),(8514,'TC','3016',1,6619,201211,'CEDI, COFI, CRBB','1','4','8','',0,0,0),(8515,'TC','3017',1,6619,201211,'CEDI, COFI, CRBB','1','4','8','100.0',1,0,1),(8516,'TC','3018',1,6619,201211,'CMPA, COFI, CRBB, CUTE','3','0','8','100.0',1,0,28),(8517,'TC','3019',1,6619,201211,'CEDI, COFI, CRBB','3','0','8','100.0',1,0,2),(8518,'TC','3020',1,6619,201211,'CEDI, COFI, CRBB','3','0','8','100.0',1,0,19),(8519,'TC','3021',1,6619,201211,'COFI, CRBB, CUTE','3','2','8','100.0',1,0,34),(8520,'TC','3021',1,6619,201211,'COFI, CRBB','3','2','8','100.0',1,0,19),(8521,'TC','3022',1,6619,201211,'COFI, CRBB','3','0','8','100.0',1,0,31),(8522,'TC','3023',1,6619,201211,'CEDI, COFI, CRBB','3','0','8','',0,0,0),(8523,'TC','3024',1,6619,201211,'CEDI, COFI, CRBB','3','0','8','',0,0,0),(8524,'TC','3025',1,6619,201211,'COFI','3','2','8','',0,0,0),(8525,'TC','3028',1,6619,201211,'COFI, CRBB','3','0','8','100.0',1,0,18),(8526,'TC','3028',1,6619,201211,'COFI, CRBB','3','0','8','100.0',1,0,24),(8527,'TC','3028',1,6619,201211,'COFI, CRBB','3','0','8','',0,0,0),(8528,'TC','3032',1,6618,201211,'COFI, CRBB','3','0','8','100.0',1,0,22),(8529,'TC','3037',1,6618,201211,'COFI, CRBB','3','0','8','100.0',1,0,26),(8529,'TC','3037',1,6619,201211,'COFI, CRBB','3','0','8','100.0',1,0,26),(8530,'TC','3037',1,6618,201211,'COFI, CRBB','3','0','8','100.0',1,0,16),(8530,'TC','3037',1,6619,201211,'COFI, CRBB','3','0','8','100.0',1,0,16),(8531,'TC','3040',1,1,201211,'COFI, CRBB, CTTE, CUTE','3','0','8','65.0',2,0,36),(8531,'TC','3040',1,6618,201211,'COFI, CRBB, CTTE, CUTE','3','0','8','35.0',2,0,36),(8532,'TC','3041',1,6618,201211,'COFI, CRBB, CUTE','3','0','8','100.0',1,0,23),(8532,'TC','3041',1,6619,201211,'COFI, CRBB, CUTE','3','0','8','100.0',1,0,23),(8533,'TC','3041',1,6618,201211,'COFI, CRBB, CUTE','3','0','8','100.0',1,0,20),(8533,'TC','3041',1,6619,201211,'COFI, CRBB, CUTE','3','0','8','100.0',1,0,20),(8534,'TC','3043',1,6618,201211,'COFI, CRBB','3','0','8','100.0',1,0,17),(8534,'TC','3043',1,6619,201211,'COFI, CRBB','3','0','8','100.0',1,0,17),(8535,'TC','3056',1,6618,201211,'CA-S, COFI, CRBB, TPOL','3','0','8','100.0',1,0,14),(8535,'TC','3056',1,6619,201211,'CA-S, COFI, CRBB, TPOL','3','0','8','100.0',1,0,14),(8536,'TC','3057',1,6618,201211,'COFI, CRBB','3','0','8','100.0',1,0,14),(8536,'TC','3057',1,6619,201211,'COFI, CRBB','3','0','8','100.0',1,0,14),(8537,'TC','4000',1,6619,201211,'CEDI, COFI, CRBB','3','0','12','',0,0,0),(8538,'TC','4001',1,3,201211,'COFI, CRBB','3','0','12','100.0',1,0,22),(8539,'TC','4002',1,3,201211,'COFI, CRBB','3','0','12','100.0',1,0,10),(8539,'TC','4002',1,6619,201211,'COFI, CRBB','3','0','12','100.0',1,0,10),(8540,'TC','4003',1,3,201211,'COFI, CRBB','3','0','12','100.0',1,0,14),(8540,'TC','4003',1,6619,201211,'COFI, CRBB','3','0','12','100.0',1,0,14),(8541,'TC','4007',1,6617,201211,'CEDI, COFI, CRBB','3','0','12','100.0',1,0,2),(8542,'TC','4008',1,6619,201211,'CEDI, COFI, CRBB','3','0','12','',0,0,0),(8543,'TC','4009',1,6619,201211,'COFI, CRBB','3','0','12','',0,0,0),(8544,'TC','4010',1,6619,201211,'COFI, CRBB','3','0','12','',0,0,0),(8545,'TC','4011',1,6619,201211,'COFI, CRBB','3','0','12','100.0',1,0,11),(8546,'TC','4012',1,6619,201211,'COFI, CRBB','3','0','12','100.0',1,0,14),(8547,'TC','4015',1,6619,201211,'COFI, CRBB','3','0','12','',0,0,0),(8548,'TC','5003',1,6619,201211,'COFI','3','0','12','',0,0,0),(8549,'TC','5004',1,6619,201211,'COFI','3','0','12','',0,0,0),(8550,'TC','5005',1,1,201211,'CEDI, COFI, CRBB','3','0','12','50.0',2,0,1),(8550,'TC','5005',1,4,201211,'CEDI, COFI, CRBB','3','0','12','50.0',2,0,1),(8550,'TC','5005',1,6619,201211,'CEDI, COFI, CRBB','3','0','12','50.0',2,0,1),(8551,'TC','5006',1,6619,201211,'COFI','3','0','12','',0,0,0),(8552,'TC','5007',1,6619,201211,'COFI','3','0','12','',0,0,0),(8553,'TC','5008',1,6619,201211,'CEDI, COFI, CRBB','3','0','12','100.0',1,0,1),(8554,'TC','5009',1,6619,201211,'CEDI, COFI, CRBB','3','0','12','',0,0,0),(8619,'TE','3011',1,6619,201211,'COFI, CRBB','3','2','8','100.0',1,0,14),(8685,'TI','1010',1,6619,201211,'COFI, CRBB','3','0','8','100.0',1,0,22),(8686,'TI','1010',1,6619,201211,'COFI','3','0','8','100.0',1,0,14),(8715,'TI','2006',1,1,201211,'COFI, CRBB, CTTE, CUTE','3','0','8','35.0',2,0,12),(8715,'TI','2006',1,6619,201211,'COFI, CRBB, CTTE, CUTE','3','0','8','65.0',2,0,12),(8917,'WA00','200',1,6619,201211,'COFI, CPSE, CRBB, CSCA','3','3','0','100.0',1,0,20),(8918,'WA00','400',1,6619,201211,'COFI, CPSE, CRBB, CSCA','3','3','0','100.0',1,0,18),(8919,'WA00','600',1,6619,201211,'COFI, CPSE, CRBB, CSCA','3','3','0','100.0',1,0,20),(8920,'WA00','800',1,6619,201211,'CA-S, COFI, CPSE, CRBB, CSCA','3','3','0','',0,0,0),(8940,'WA01','102',1,6619,201211,'CMPA, COFI, CRBB, CSCA','3','0','0','100.0',1,0,26),(8941,'WA01','102',1,6619,201211,'CMPA, COFI, CRBB, CSCA','3','0','0','100.0',1,0,3),(8942,'WA01','102',1,6619,201211,'CMPA, COFI, CRBB, CSCA','3','0','0','100.0',1,0,5),(8943,'WA01','102',1,6619,201211,'CMPA, COFI, CRBB, CSCA','3','0','0','100.0',1,0,7),(8944,'WA01','102',1,1,201211,'COFI, CRBB, CSCA','3','0','0','100.0',1,0,37),(8945,'WA01','102',1,1,201211,'COFI, CRBB, CSCA','3','0','0','100.0',1,0,37),(8945,'WA01','102',1,6619,201211,'COFI, CRBB, CSCA','3','0','0','100.0',1,0,37),(8946,'WA01','102',1,1,201211,'COFI, CRBB, CSCA','3','0','0','100.0',1,0,24),(8946,'WA01','102',1,6619,201211,'COFI, CRBB, CSCA','3','0','0','100.0',1,0,24),(8947,'WA01','118',1,6619,201211,'COFI, CSCA','3','3','0','',0,0,0),(8948,'WA01','119',1,6619,201211,'COFI, CSCA','3','3','0','',0,0,0),(19934,'TC','1001',1,6619,201211,'CAES, COFI, CRBB, TCOL','3','0','8','100.0',1,0,32),(24993,'IM','2005',1,6619,201211,'COFI, CRBB, CUTE','3','0','8','',0,0,0),(25070,'TC','1014',1,6619,201211,'COFI, CRBB','3','0','8','100.0',1,0,29),(25071,'TC','1014',1,6619,201211,'COFI, CRBB','3','0','8','',0,0,0),(25072,'TC','1014',1,6619,201211,'CEDI, COFI, CRBB','3','0','8','',0,0,0),(25073,'TC','3030',1,1,201211,'COFI, CRBB','3','0','8','100.0',1,0,16),(27016,'GT','4003',1,6618,201211,'CEDI, COFI','3','0','12','100.0',1,0,1),(27017,'GT','4003',1,6619,201211,'CEDI, COFI','3','0','12','',0,0,0),(27018,'GT','4003',1,6619,201211,'CEDI, COFI','3','0','12','',0,0,0),(27019,'GT','4003',1,6619,201211,'CEDI, COFI','3','0','12','100.0',1,0,1),(27020,'GT','4003',1,6619,201211,'CEDI, COFI','3','0','12','100.0',1,0,1),(27021,'GT','4003',1,6619,201211,'CEDI, COFI','3','0','12','',0,0,0),(27022,'GT','4003',1,6619,201211,'CEDI, COFI','3','0','12','',0,0,0),(27023,'GT','4003',1,6619,201211,'CEDI, COFI','3','0','12','',0,0,0),(27024,'GT','4003',1,6619,201211,'CEDI, COFI','3','0','12','100.0',1,0,2),(27025,'GT','4003',1,6619,201211,'CEDI, COFI','3','0','12','100.0',1,0,2),(27026,'GT','4003',1,6619,201211,'CEDI, COFI','3','0','12','',0,0,0),(27027,'GT','4003',1,3,201211,'CEDI, COFI','3','0','12','100.0',1,0,2),(27028,'GT','4003',1,6619,201211,'CEDI, COFI','3','0','12','',0,0,0),(27029,'GT','4003',1,6619,201211,'CEDI, COFI','3','0','12','',0,0,0),(27030,'GT','4003',1,6619,201211,'CEDI, COFI','3','0','12','',0,0,0),(27031,'GT','4003',1,6619,201211,'CEDI, COFI','3','0','12','',0,0,0),(27032,'GT','4003',1,6619,201211,'CEDI, COFI','3','0','12','',0,0,0),(27033,'GT','4003',1,6619,201211,'CEDI, COFI','3','0','12','100.0',1,0,1),(27034,'GT','4003',1,6619,201211,'CEDI, COFI','3','0','12','',0,0,0),(27035,'GT','4003',1,6619,201211,'CEDI, COFI','3','0','12','',0,0,0),(27036,'GT','4003',1,6619,201211,'CEDI, COFI','3','0','12','',0,0,0),(27037,'GT','4004',1,6618,201211,'CEDI, COFI','3','0','12','100.0',1,0,2),(27038,'GT','4004',1,6619,201211,'CEDI, COFI','3','0','12','',0,0,0),(27039,'GT','4004',1,6619,201211,'CEDI, COFI','3','0','12','100.0',1,0,1),(27040,'GT','4004',1,6619,201211,'CEDI, COFI','3','0','12','',0,0,0),(27041,'GT','4004',1,6619,201211,'CEDI, COFI','3','0','12','100.0',1,0,1),(27042,'GT','4004',1,6619,201211,'CEDI, COFI','3','0','12','',0,0,0),(27043,'GT','4004',1,6619,201211,'CEDI, COFI','3','0','12','100.0',1,0,1),(27044,'GT','4004',1,6619,201211,'CEDI, COFI','3','0','12','',0,0,0),(27045,'GT','4004',1,6619,201211,'CEDI, COFI','3','0','12','',0,0,0),(27046,'GT','4004',1,6619,201211,'CEDI, COFI','3','0','12','',0,0,0),(27047,'GT','4004',1,6619,201211,'CEDI, COFI','3','0','12','',0,0,0),(27048,'GT','4004',1,6619,201211,'CEDI, COFI','3','0','12','',0,0,0),(27049,'GT','4004',1,6619,201211,'CEDI, COFI','3','0','12','',0,0,0),(27050,'GT','4004',1,6619,201211,'CEDI, COFI','3','0','12','',0,0,0),(27051,'GT','4004',1,6619,201211,'CEDI, COFI','3','0','12','',0,0,0),(27052,'GT','4004',1,6619,201211,'CEDI, COFI','3','0','12','50.0',2,0,1),(27053,'GT','4004',1,6619,201211,'CEDI, COFI','3','0','12','',0,0,0),(27054,'GT','4004',1,6619,201211,'CEDI, COFI','3','0','12','100.0',1,0,1),(27055,'GT','4004',1,6619,201211,'CEDI, COFI','3','0','12','100.0',1,0,1),(27056,'GT','4004',1,6619,201211,'CEDI, COFI','3','0','12','',0,0,0),(27057,'GT','4004',1,6619,201211,'CEDI, COFI','3','0','12','',0,0,0),(27058,'GT','4004',1,6619,201211,'CEDI, COFI','3','0','12','',0,0,0),(27059,'GT','4004',1,6619,201211,'CEDI, COFI','3','0','12','100.0',1,0,1),(27060,'GT','4004',1,6619,201211,'CEDI, COFI','3','0','12','',0,0,0),(27061,'GT','4005',1,6618,201211,'CEDI, COFI','3','0','12','100.0',1,0,1),(27062,'GT','4005',1,6618,201211,'CEDI, COFI','3','0','12','100.0',1,0,1),(27062,'GT','4005',1,6619,201211,'CEDI, COFI','3','0','12','100.0',1,0,1),(27063,'GT','4005',1,6619,201211,'CEDI, COFI','3','0','12','',0,0,0),(27064,'GT','4005',1,6619,201211,'CEDI, COFI','3','0','12','100.0',1,0,1),(27065,'GT','4005',1,6619,201211,'CEDI, COFI','3','0','12','',0,0,0),(27066,'GT','4005',1,6619,201211,'CEDI, COFI','3','0','12','',0,0,0),(27067,'GT','4005',1,6619,201211,'CEDI, COFI','3','0','12','',0,0,0),(27068,'GT','4005',1,6619,201211,'CEDI, COFI','3','0','12','',0,0,0),(27069,'GT','4005',1,6619,201211,'CEDI, COFI','3','0','12','100.0',1,0,1),(27070,'GT','4005',1,6619,201211,'CEDI, COFI','3','0','12','',0,0,0),(27071,'GT','4005',1,6619,201211,'CEDI, COFI','3','0','12','',0,0,0),(27072,'GT','4005',1,6619,201211,'CEDI, COFI','3','0','12','',0,0,0),(27073,'GT','4005',1,6619,201211,'CEDI, COFI','3','0','12','100.0',1,0,1),(27074,'GT','4006',1,6619,201211,'CEDI, COFI','3','0','12','',0,0,0),(27075,'GT','4006',1,6619,201211,'CEDI, COFI','3','0','12','',0,0,0),(27076,'GT','4006',1,6619,201211,'CEDI, COFI','3','0','12','',0,0,0),(27077,'GT','4006',1,6619,201211,'CEDI, COFI','3','0','12','',0,0,0),(27078,'GT','4006',1,6619,201211,'CEDI, COFI','3','0','12','100.0',1,0,1),(27079,'GT','4006',1,6618,201211,'CEDI, COFI','3','0','12','100.0',1,0,1),(27080,'GT','4006',1,6618,201211,'CEDI, COFI','3','0','12','100.0',1,0,1),(27080,'GT','4006',1,6619,201211,'CEDI, COFI','3','0','12','100.0',1,0,1),(27081,'GT','4006',1,6619,201211,'CEDI, COFI','3','0','12','',0,0,0),(27082,'GT','4006',1,6619,201211,'CEDI, COFI','3','0','12','100.0',1,0,1),(27083,'GT','5002',1,6619,201211,'COFI','3','0','12','',0,0,0),(27084,'GT','5002',1,6619,201211,'COFI','3','0','12','',0,0,0),(27085,'GT','5002',1,6619,201211,'COFI','3','0','12','',0,0,0),(27086,'GT','5002',1,6619,201211,'COFI','3','0','12','',0,0,0),(27087,'GT','5002',1,6619,201211,'COFI','3','0','12','',0,0,0),(27088,'GT','5002',1,6619,201211,'COFI','3','0','12','100.0',1,0,1),(27089,'GT','5002',1,6619,201211,'COFI','3','0','12','',0,0,0),(27090,'GT','5002',1,6619,201211,'COFI','3','0','12','',0,0,0),(27091,'GT','5002',1,6619,201211,'COFI','3','0','12','',0,0,0),(27092,'GT','5002',1,6619,201211,'COFI','3','0','12','',0,0,0),(27093,'GT','5002',1,6619,201211,'COFI','3','0','12','100.0',1,0,1),(27094,'GT','5002',1,6619,201211,'COFI','3','0','12','',0,0,0),(27095,'GT','5002',1,6619,201211,'COFI','3','0','12','',0,0,0),(27096,'GT','5003',1,6619,201211,'COFI','3','0','12','',0,0,0),(27097,'GT','5003',1,6619,201211,'COFI','3','0','12','',0,0,0),(27098,'GT','5003',1,6619,201211,'COFI','3','0','12','',0,0,0),(27099,'GT','5003',1,6619,201211,'COFI','3','0','12','100.0',1,0,1),(27100,'GT','5003',1,6619,201211,'COFI','3','0','12','100.0',1,0,1),(27101,'GT','5003',1,6619,201211,'COFI','3','0','12','100.0',1,0,3),(27102,'GT','5003',1,6619,201211,'COFI','3','0','12','100.0',1,0,1),(27103,'GT','5003',1,6619,201211,'COFI','3','0','12','100.0',1,0,1),(27104,'GT','5003',1,6619,201211,'COFI','3','0','12','',0,0,0),(27105,'GT','5003',1,6619,201211,'COFI','3','0','12','100.0',1,0,1),(27106,'GT','5003',1,6619,201211,'COFI','3','0','12','100.0',1,0,1),(27107,'GT','5003',1,6619,201211,'COFI','3','0','12','100.0',1,0,1),(27108,'GT','5003',1,6619,201211,'COFI','3','0','12','',0,0,0),(27109,'GT','5003',1,6619,201211,'CEDI, COFI','3','0','12','',0,0,0),(27110,'GT','5008',1,6619,201211,'CEDI, COFI','3','0','12','',0,0,0),(27111,'GT','5008',1,6619,201211,'CEDI, COFI','3','0','12','100.0',1,0,1),(27112,'GT','5008',1,6619,201211,'CEDI, COFI','3','0','12','',0,0,0),(27113,'GT','5008',1,6619,201211,'CEDI, COFI','3','0','12','100.0',1,0,2),(27114,'GT','5008',1,6619,201211,'CEDI, COFI','3','0','12','100.0',1,0,1),(27115,'GT','6003',1,6619,201211,'COFI','3','0','12','',0,0,0),(27116,'GT','6003',1,6619,201211,'COFI','3','0','12','',0,0,0),(27117,'GT','6003',1,6619,201211,'COFI','3','0','12','',0,0,0),(27118,'GT','6003',1,6619,201211,'COFI','3','0','12','',0,0,0),(27119,'GT','6003',1,6619,201211,'COFI','3','0','12','',0,0,0),(27120,'GT','6003',1,6619,201211,'COFI','3','0','12','',0,0,0),(27121,'GT','6003',1,6619,201211,'COFI','3','0','12','',0,0,0),(27122,'GT','6003',1,6619,201211,'COFI','3','0','12','',0,0,0),(27123,'GT','6003',1,6619,201211,'COFI','3','0','12','',0,0,0),(27124,'GT','6003',1,6619,201211,'COFI','3','0','12','100.0',1,0,1),(27125,'GT','6003',1,6619,201211,'COFI','3','0','12','',0,0,0),(27126,'GT','6003',1,6619,201211,'COFI','3','0','12','',0,0,0),(27127,'GT','6003',1,6619,201211,'COFI','3','0','12','',0,0,0),(27128,'GT','6003',1,6619,201211,'COFI','3','0','12','',0,0,0),(27129,'GT','6003',1,6619,201211,'COFI','3','0','12','',0,0,0),(27130,'GT','6003',1,6619,201211,'COFI','3','0','12','',0,0,0),(27131,'GT','6003',1,6619,201211,'COFI','3','0','12','',0,0,0),(27132,'GT','6003',1,6619,201211,'COFI','3','0','12','',0,0,0),(27133,'GT','6003',1,6619,201211,'COFI','3','0','12','',0,0,0),(27134,'GT','6003',1,6619,201211,'COFI','3','0','12','',0,0,0),(27135,'GT','6003',1,6619,201211,'COFI','3','0','12','',0,0,0),(27136,'GT','6003',1,6619,201211,'COFI','3','0','12','',0,0,0),(27137,'GT','6004',1,6619,201211,'COFI','3','0','12','',0,0,0),(27138,'GT','6004',1,6619,201211,'COFI','3','0','12','',0,0,0),(27139,'GT','6004',1,6619,201211,'COFI','3','0','12','100.0',1,0,1),(27140,'GT','6004',1,6619,201211,'COFI','3','0','12','',0,0,0),(27141,'GT','6004',1,6619,201211,'COFI','3','0','12','',0,0,0),(27142,'GT','6004',1,6619,201211,'COFI','3','0','12','',0,0,0),(27143,'GT','6004',1,6619,201211,'COFI','3','0','12','',0,0,0),(27144,'GT','6004',1,6619,201211,'COFI','3','0','12','',0,0,0),(27145,'GT','6004',1,6619,201211,'COFI','3','0','12','',0,0,0),(27146,'GT','6004',1,6619,201211,'COFI','3','0','12','',0,0,0),(27147,'GT','6004',1,6619,201211,'COFI','3','0','12','',0,0,0),(27148,'GT','6004',1,6619,201211,'COFI','3','0','12','',0,0,0),(27149,'GT','6004',1,6619,201211,'COFI','3','0','12','',0,0,0),(27150,'GT','6004',1,6619,201211,'COFI','3','0','12','',0,0,0),(27151,'GT','6004',1,6619,201211,'COFI','3','0','12','',0,0,0),(27152,'GT','6004',1,6619,201211,'COFI','3','0','12','',0,0,0),(27153,'GT','6004',1,6619,201211,'COFI','3','0','12','',0,0,0),(27154,'GT','6004',1,6619,201211,'COFI','3','0','12','',0,0,0),(27155,'GT','6004',1,6619,201211,'COFI','3','0','12','',0,0,0),(27156,'GT','6004',1,6617,201211,'COFI','3','0','12','100.0',1,0,1),(27157,'GT','6004',1,2,201211,'COFI','3','0','12','100.0',1,0,2),(27158,'GT','6004',1,2,201211,'COFI','3','0','12','100.0',1,0,1),(27158,'GT','6004',1,6619,201211,'COFI','3','0','12','100.0',1,0,1),(27159,'GT','6004',1,6619,201211,'COFI','3','0','12','',0,0,0),(27160,'GT','6004',1,6619,201211,'COFI','3','0','12','100.0',1,0,1),(27161,'GT','6022',1,6618,201211,'COFI, CTES','3','0','24','100.0',1,0,1),(27162,'GT','6022',1,6618,201211,'COFI, CTES','3','0','24','100.0',1,0,2),(27162,'GT','6022',1,6619,201211,'COFI, CTES','3','0','24','100.0',1,0,2),(27163,'GT','6022',1,6619,201211,'COFI, CTES','3','0','24','',0,0,0),(27164,'GT','6022',1,6619,201211,'COFI, CTES','3','0','24','100.0',1,0,1),(27165,'GT','6022',1,6619,201211,'COFI, CTES','3','0','24','100.0',1,0,1),(27166,'GT','6022',1,6619,201211,'COFI, CTES','3','0','24','100.0',1,0,1),(27167,'GT','6022',1,6619,201211,'COFI, CTES','3','0','24','',0,0,0),(27168,'GT','6022',1,6619,201211,'COFI, CTES','3','0','24','',0,0,0),(27169,'GT','6022',1,6619,201211,'COFI, CTES','3','0','24','',0,0,0),(27170,'GT','6022',1,6619,201211,'COFI, CTES','3','0','24','',0,0,0),(27171,'GT','6022',1,6619,201211,'COFI, CTES','3','0','24','100.0',1,0,1),(27172,'GT','6022',1,6619,201211,'COFI, CTES','3','0','24','',0,0,0),(27173,'GT','6022',1,6619,201211,'COFI, CTES','3','0','24','',0,0,0),(27174,'GT','6022',1,6619,201211,'COFI, CTES','3','0','24','',0,0,0),(27175,'GT','6022',1,6619,201211,'COFI, CTES','3','0','24','',0,0,0),(27176,'GT','6022',1,6619,201211,'COFI, CTES','3','0','24','',0,0,0),(27177,'GT','6022',1,6619,201211,'COFI, CTES','3','0','24','',0,0,0),(27178,'GT','6022',1,6619,201211,'COFI, CTES','3','0','24','',0,0,0),(27179,'GT','6022',1,6619,201211,'COFI, CTES','3','0','24','',0,0,0),(27180,'GT','6022',1,6619,201211,'COFI, CTES','3','0','24','',0,0,0),(27181,'GT','6022',1,2,201211,'COFI, CTES','3','0','24','100.0',1,0,1),(27182,'GT','6022',1,6619,201211,'COFI, CTES','3','0','24','',0,0,0),(27183,'GT','6022',1,6619,201211,'COFI, CTES','3','0','24','50.0',2,0,1),(27194,'IM','2005',1,4,201211,'COFI, CRBB, CTTE, CUTE','3','0','8','35.0',2,0,28),(27194,'IM','2005',1,6619,201211,'COFI, CRBB, CTTE, CUTE','3','0','8','65.0',2,0,28),(27200,'TC','2006',1,6619,201211,'COFI, CRBB, CUTE','3','0','8','100.0',1,0,28),(27201,'TC','2012',1,6619,201211,'COFI, CRBB, CUTE','3','0','8','100.0',1,0,30),(27537,'GT','5001',1,4,201211,'CEDI, COFI','3','0','12','100.0',1,0,1),(27537,'GT','5001',1,6619,201211,'CEDI, COFI','3','0','12','100.0',1,0,1),(27538,'GT','6023',1,6618,201211,'COFI, CTES','3','0','12','100.0',1,0,2),(27539,'GT','6023',1,6618,201211,'COFI, CTES','3','0','12','100.0',1,0,2),(27539,'GT','6023',1,6619,201211,'COFI, CTES','3','0','12','100.0',1,0,2),(27540,'GT','6023',1,6619,201211,'COFI, CTES','3','0','12','',0,0,0),(27541,'GT','6023',1,6619,201211,'COFI, CTES','3','0','12','',0,0,0),(27542,'GT','6023',1,6619,201211,'COFI, CTES','3','0','12','100.0',1,0,1),(27543,'GT','6023',1,6619,201211,'COFI, CTES','3','0','12','100.0',1,0,1),(27544,'GT','6023',1,6619,201211,'COFI, CTES','3','0','12','',0,0,0),(27545,'GT','6023',1,6619,201211,'COFI, CTES','3','0','12','',0,0,0),(27546,'GT','6023',1,3,201211,'COFI, CTES','3','0','12','100.0',1,0,1),(27547,'GT','6023',1,6619,201211,'COFI, CTES','3','0','12','',0,0,0),(27548,'GT','6023',1,6619,201211,'COFI, CTES','3','0','12','100.0',1,0,1),(27549,'GT','6023',1,6619,201211,'COFI, CTES','3','0','12','100.0',1,0,1),(27550,'GT','6023',1,6619,201211,'COFI, CTES','3','0','12','',0,0,0),(27551,'GT','6023',1,6619,201211,'COFI, CTES','3','0','12','',0,0,0),(27552,'GT','6023',1,6619,201211,'COFI, CTES','3','0','12','',0,0,0),(27553,'GT','6023',1,6619,201211,'COFI, CTES','3','0','12','',0,0,0),(27554,'GT','6023',1,6619,201211,'COFI, CTES','3','0','12','',0,0,0),(27555,'GT','6023',1,6619,201211,'COFI, CTES','3','0','12','',0,0,0),(27556,'GT','6023',1,6619,201211,'COFI, CTES','3','0','12','',0,0,0),(27557,'GT','6023',1,6619,201211,'COFI, CTES','3','0','12','',0,0,0),(27558,'GT','6023',1,2,201211,'COFI, CTES','3','0','12','100.0',1,0,1),(27559,'GT','6023',1,2,201211,'COFI, CTES','3','0','12','50.0',2,0,1),(27559,'GT','6023',1,6619,201211,'COFI, CTES','3','0','12','50.0',2,0,1),(27560,'GT','6023',1,2,201211,'COFI, CTES','3','0','12','50.0',2,0,1),(27560,'GT','6023',1,6619,201211,'COFI, CTES','3','0','12','50.0',2,0,1),(27561,'GT','6024',1,6618,201211,'COFI, CTES','3','0','24','100.0',1,0,2),(27562,'GT','6024',1,6619,201211,'COFI, CTES','3','0','24','',0,0,0),(27563,'GT','6024',1,6619,201211,'COFI, CTES','3','0','24','',0,0,0),(27564,'GT','6024',1,6619,201211,'COFI, CTES','3','0','24','',0,0,0),(27565,'GT','6024',1,6619,201211,'COFI, CTES','3','0','24','',0,0,0),(27566,'GT','6024',1,6619,201211,'COFI, CTES','3','0','24','100.0',1,0,1),(27567,'GT','6024',1,6619,201211,'COFI, CTES','3','0','24','',0,0,0),(27568,'GT','6024',1,6619,201211,'COFI, CTES','3','0','24','',0,0,0),(27569,'GT','6024',1,6619,201211,'COFI, CTES','3','0','24','',0,0,0),(27570,'GT','6024',1,6619,201211,'COFI, CTES','3','0','24','100.0',1,0,1),(27571,'GT','6024',1,6619,201211,'COFI, CTES','3','0','24','',0,0,0),(27572,'GT','6024',1,6619,201211,'COFI, CTES','3','0','24','100.0',1,0,1),(27573,'GT','6024',1,6619,201211,'CADS, COFI, CTES','3','0','24','',0,0,0),(27574,'GT','6024',1,6619,201211,'COFI, CTES','3','0','24','50.0',2,0,1),(27575,'GT','6024',1,6619,201211,'COFI, CTES','3','0','24','',0,0,0),(27576,'GT','6024',1,6619,201211,'COFI, CTES','3','0','24','',0,0,0),(27577,'GT','6024',1,6619,201211,'COFI, CTES','3','0','24','',0,0,0),(27579,'IA95','12',1,6619,201211,'CEDI, COFI, CRBB','3','0','8','100.0',1,0,4),(27580,'IA95','12',1,6619,201211,'CEDI, COFI, CRBB','3','0','8','',0,0,0),(27739,'GT','6007',1,3,201211,'COFI','1','0','1','100.0',1,0,4),(27740,'GT','6008',1,2,201211,'COFI','1','0','1','100.0',1,0,13),(27741,'GT','6009',1,2,201211,'COFI','1','0','1','100.0',1,0,12),(27742,'GT','6011',1,6618,201211,'COFI','1','0','1','100.0',1,0,12),(27743,'GT','6018',1,6618,201211,'COFI, CTES','3','0','24','100.0',1,0,1),(27744,'GT','6018',1,6619,201211,'COFI, CTES','3','0','24','',0,0,0),(27745,'GT','6018',1,6619,201211,'COFI, CTES','3','0','24','',0,0,0),(27746,'GT','6018',1,6619,201211,'COFI, CTES','3','0','24','',0,0,0),(27747,'GT','6018',1,6619,201211,'COFI, CTES','3','0','24','100.0',1,0,1),(27748,'GT','6018',1,6619,201211,'COFI, CTES','3','0','24','',0,0,0),(27749,'GT','6018',1,6619,201211,'COFI, CTES','3','0','24','100.0',1,0,1),(27750,'GT','6018',1,6619,201211,'COFI, CTES','3','0','24','100.0',1,0,1),(27751,'GT','6018',1,3,201211,'COFI, CTES','3','0','24','100.0',1,0,1),(27752,'GT','6018',1,3,201211,'COFI, CTES','3','0','24','100.0',1,0,1),(27752,'GT','6018',1,6619,201211,'COFI, CTES','3','0','24','100.0',1,0,1),(27753,'GT','6018',1,6619,201211,'COFI, CTES','3','0','24','',0,0,0),(27754,'GT','6018',1,6619,201211,'COFI, CTES','3','0','24','',0,0,0),(27755,'GT','6018',1,6619,201211,'COFI, CTES','3','0','24','',0,0,0),(27756,'GT','6018',1,6619,201211,'COFI, CTES','3','0','24','',0,0,0),(27757,'GT','6018',1,6619,201211,'COFI','3','0','24','',0,0,0),(27758,'GT','6018',1,6619,201211,'COFI, CTES','3','0','24','',0,0,0),(27759,'GT','6018',1,6619,201211,'COFI, CTES','3','0','24','',0,0,0),(27760,'GT','6018',1,6619,201211,'COFI, CTES','3','0','24','',0,0,0),(27761,'GT','6018',1,6619,201211,'COFI, CTES','3','0','24','',0,0,0),(27762,'GT','6018',1,6617,201211,'COFI, CTES','3','0','24','100.0',1,0,1),(27763,'GT','6018',1,2,201211,'COFI, CTES','3','0','24','100.0',1,0,1),(27764,'GT','6018',1,2,201211,'COFI, CTES','3','0','24','100.0',1,0,3),(27764,'GT','6018',1,6619,201211,'COFI, CTES','3','0','24','100.0',1,0,3),(27765,'GT','6018',1,6619,201211,'COFI, CTES','3','0','24','',0,0,0),(27766,'GT','6018',1,6619,201211,'COFI, CTES','3','0','24','100.0',1,0,1),(27767,'GT','6019',1,6618,201211,'COFI, CTES','3','0','12','100.0',1,0,1),(27768,'GT','6019',1,6619,201211,'COFI, CTES','3','0','12','',0,0,0),(27769,'GT','6019',1,6619,201211,'COFI, CTES','3','0','12','',0,0,0),(27770,'GT','6019',1,6619,201211,'COFI, CTES','3','0','12','',0,0,0),(27771,'GT','6019',1,6619,201211,'COFI, CTES','3','0','12','100.0',1,0,1),(27772,'GT','6019',1,6619,201211,'COFI, CTES','3','0','12','',0,0,0),(27773,'GT','6019',1,6619,201211,'COFI, CTES','3','0','12','100.0',1,0,1),(27774,'GT','6019',1,6619,201211,'COFI, CTES','3','0','12','100.0',1,0,1),(27775,'GT','6019',1,3,201211,'COFI, CTES','3','0','12','100.0',1,0,1),(27776,'GT','6019',1,3,201211,'COFI, CTES','3','0','12','100.0',1,0,1),(27776,'GT','6019',1,6619,201211,'COFI, CTES','3','0','12','100.0',1,0,1),(27777,'GT','6019',1,6619,201211,'COFI, CTES','3','0','12','',0,0,0),(27778,'GT','6019',1,6619,201211,'COFI, CTES','3','0','12','',0,0,0),(27779,'GT','6019',1,6619,201211,'COFI, CTES','3','0','12','',0,0,0),(27780,'GT','6019',1,6619,201211,'COFI, CTES','3','0','12','',0,0,0),(27781,'GT','6019',1,6619,201211,'COFI, CTES','3','0','12','',0,0,0),(27782,'GT','6019',1,6619,201211,'COFI, CTES','3','0','12','100.0',1,0,1),(27783,'GT','6019',1,6619,201211,'COFI, CTES','3','0','12','',0,0,0),(27784,'GT','6019',1,6619,201211,'COFI, CTES','3','0','12','',0,0,0),(27785,'GT','6019',1,6619,201211,'COFI, CTES','3','0','12','',0,0,0),(27786,'GT','6019',1,6619,201211,'COFI, CTES','3','0','12','',0,0,0),(27787,'GT','6019',1,2,201211,'COFI, CTES','3','0','12','100.0',1,0,1),(27788,'GT','6019',1,2,201211,'COFI, CTES','3','0','12','100.0',1,0,2),(27788,'GT','6019',1,6619,201211,'COFI, CTES','3','0','12','100.0',1,0,2),(27789,'GT','6019',1,6619,201211,'COFI, CTES','3','0','12','',0,0,0),(27790,'GT','6019',1,6619,201211,'COFI, CTES','3','0','12','',0,0,0),(27791,'GT','6020',1,6618,201211,'COFI, CTES','3','0','24','100.0',1,0,1),(27792,'GT','6020',1,6619,201211,'COFI, CTES','3','0','24','',0,0,0),(27793,'GT','6020',1,6619,201211,'COFI, CTES','3','0','24','',0,0,0),(27794,'GT','6020',1,6619,201211,'COFI, CTES','3','0','24','100.0',1,0,1),(27795,'GT','6020',1,6619,201211,'COFI, CTES','3','0','24','100.0',1,0,1),(27796,'GT','6020',1,6619,201211,'COFI, CTES','3','0','24','',0,0,0),(27797,'GT','6020',1,6619,201211,'COFI, CTES','3','0','24','100.0',1,0,3),(27798,'GT','6020',1,6619,201211,'COFI, CTES','3','0','24','',0,0,0),(27799,'GT','6020',1,3,201211,'COFI, CTES','3','0','24','100.0',1,0,1),(27800,'GT','6020',1,6619,201211,'COFI, CTES','3','0','24','',0,0,0),(27801,'GT','6025',1,6618,201211,'COFI, CTES','3','0','12','100.0',1,0,1),(27802,'GT','6025',1,6618,201211,'COFI, CTES','3','0','12','100.0',1,0,2),(27802,'GT','6025',1,6619,201211,'COFI, CTES','3','0','12','100.0',1,0,2),(27803,'GT','6025',1,6618,201211,'COFI, CTES','3','0','12','100.0',1,0,1),(27803,'GT','6025',1,6619,201211,'COFI, CTES','3','0','12','100.0',1,0,1),(27804,'GT','6025',1,6619,201211,'COFI, CTES','3','0','12','',0,0,0),(27805,'GT','6025',1,6619,201211,'COFI, CTES','3','0','12','',0,0,0),(27806,'GT','6025',1,6619,201211,'COFI, CTES','3','0','12','100.0',1,0,1),(27807,'GT','6025',1,6619,201211,'COFI, CTES','3','0','12','',0,0,0),(27808,'GT','6025',1,6619,201211,'COFI, CTES','3','0','12','',0,0,0),(27809,'GT','6025',1,6619,201211,'COFI, CTES','3','0','12','',0,0,0),(27810,'GT','6025',1,6619,201211,'COFI, CTES','3','0','12','100.0',1,0,2),(27811,'GT','6025',1,6619,201211,'COFI, CTES','3','0','12','',0,0,0),(27812,'GT','6025',1,6619,201211,'COFI, CTES','3','0','12','',0,0,0),(27813,'GT','6025',1,6619,201211,'COFI, CTES','3','0','12','100.0',1,0,1),(27814,'GT','6025',1,6619,201211,'COFI, CTES','3','0','12','50.0',2,0,1),(27815,'GT','6025',1,6619,201211,'COFI, CTES','3','0','12','',0,0,0),(27816,'GT','6025',1,6619,201211,'COFI, CTES','3','0','12','',0,0,0),(27817,'GT','6025',1,6619,201211,'COFI, CTES','3','0','12','',0,0,0),(27818,'GT','6025',1,6619,201211,'COFI, CTES','3','0','12','',0,0,0),(27819,'GT','6026',1,6619,201211,'COFI, CTES','3','0','24','',0,0,0),(27820,'GT','6026',1,6619,201211,'COFI, CTES','3','0','24','100.0',1,0,1),(27821,'GT','6026',1,6619,201211,'COFI, CTES','3','0','24','100.0',1,0,2),(27822,'GT','6026',1,6619,201211,'COFI, CTES','3','0','24','',0,0,0),(27823,'GT','6026',1,6619,201211,'COFI, CTES','3','0','24','',0,0,0),(27824,'GT','6026',1,6619,201211,'COFI, CTES','3','0','24','',0,0,0),(27825,'GT','6026',1,6619,201211,'COFI, CTES','3','0','24','100.0',1,0,2),(27826,'GT','6026',1,6619,201211,'COFI, CTES','3','0','24','',0,0,0),(27827,'GT','6026',1,3,201211,'COFI, CTES','3','0','24','100.0',1,0,1),(27828,'GT','6026',1,3,201211,'COFI, CTES','3','0','24','100.0',1,0,1),(27828,'GT','6026',1,6619,201211,'COFI, CTES','3','0','24','100.0',1,0,1),(27829,'GT','6026',1,6619,201211,'COFI, CTES','3','0','24','',0,0,0),(27830,'GT','6026',1,6619,201211,'COFI, CTES','3','0','24','',0,0,0),(27831,'GT','6026',1,6619,201211,'COFI, CTES','3','0','24','100.0',1,0,1),(27832,'GT','6026',1,6619,201211,'COFI, CTES','3','0','24','',0,0,0),(27833,'GT','6026',1,6619,201211,'COFI, CTES','3','0','24','100.0',1,0,1),(27834,'GT','6026',1,6619,201211,'COFI, CTES','3','0','24','',0,0,0),(27835,'GT','6026',1,6619,201211,'COFI, CTES','3','0','24','',0,0,0),(27836,'GT','6026',1,6619,201211,'COFI, CTES','3','0','24','',0,0,0),(27837,'GT','6026',1,6619,201211,'COFI, CTES','3','0','24','100.0',1,0,1),(27838,'GT','6026',1,6619,201211,'COFI, CTES','3','0','24','',0,0,0),(27839,'GT','6026',1,6619,201211,'COFI, CTES','3','0','24','',0,0,0),(27840,'GT','6026',1,6619,201211,'COFI, CTES','3','0','24','',0,0,0),(27841,'GT','6026',1,6619,201211,'COFI, CTES','3','0','24','',0,0,0),(27842,'GT','6027',1,6619,201211,'COFI, CTES','3','0','12','',0,0,0),(27843,'GT','6027',1,6619,201211,'COFI, CTES','3','0','12','',0,0,0),(27844,'GT','6027',1,6619,201211,'COFI, CTES','3','0','12','',0,0,0),(27845,'GT','6027',1,6619,201211,'COFI, CTES','3','0','12','',0,0,0),(27846,'GT','6027',1,6617,201211,'COFI, CTES','3','0','12','100.0',1,0,1),(27847,'GT','6027',1,3,201211,'COFI, CTES','3','0','12','100.0',1,0,1),(27848,'GT','6027',1,3,201211,'COFI, CTES','3','0','12','50.0',2,0,1),(27848,'GT','6027',1,6619,201211,'COFI, CTES','3','0','12','50.0',2,0,1),(27849,'GT','6027',1,3,201211,'COFI, CTES','3','0','12','100.0',1,0,2),(27849,'GT','6027',1,6619,201211,'COFI, CTES','3','0','12','100.0',1,0,2),(27850,'GT','6027',1,3,201211,'COFI, CTES','3','0','12','100.0',1,0,1),(27850,'GT','6027',1,6619,201211,'COFI, CTES','3','0','12','100.0',1,0,1),(27851,'GT','6027',1,3,201211,'COFI, CTES','3','0','12','100.0',1,0,1),(27851,'GT','6027',1,6619,201211,'COFI, CTES','3','0','12','100.0',1,0,1),(27852,'GT','6027',1,3,201211,'COFI, CTES','3','0','12','100.0',1,0,1),(27852,'GT','6027',1,6619,201211,'COFI, CTES','3','0','12','100.0',1,0,1),(27853,'GT','6027',1,6619,201211,'COFI, CTES','3','0','12','',0,0,0),(27856,'TC','1019',1,6619,201211,'CEDI, COFI, CRBB','3','0','8','100.0',1,0,4),(27857,'TC','3007',1,6619,201211,'CMAS, COFI, CRBB, CTER, CTTE, CUTE, TPOL','3','0','12','80.0',2,0,37),(28011,'GT','5009',1,4,201211,'CEDI, COFI','3','0','12','100.0',1,0,1),(28012,'GT','5009',1,6619,201211,'CEDI, COFI','3','0','12','',0,0,0),(28013,'GT','5009',1,6619,201211,'CEDI, COFI','3','0','12','100.0',1,0,1),(28014,'GT','5009',1,6619,201211,'CEDI, COFI','3','0','12','100.0',1,0,1),(28015,'GT','5009',1,6619,201211,'CEDI, COFI','3','0','12','100.0',1,0,1),(28016,'GT','5009',1,6619,201211,'CEDI, COFI','3','0','12','100.0',1,0,1),(28017,'GT','5009',1,6619,201211,'CEDI, COFI','3','0','12','',0,0,0),(28018,'GT','5009',1,6619,201211,'CEDI, COFI','3','0','12','',0,0,0),(28019,'GT','5009',1,6619,201211,'CEDI, COFI','3','0','12','',0,0,0),(28020,'GT','5009',1,6619,201211,'CEDI, COFI','3','0','12','',0,0,0),(28021,'GT','5009',1,6619,201211,'CEDI, COFI','3','0','12','',0,0,0),(28022,'GT','5009',1,6619,201211,'CEDI, COFI','3','0','12','',0,0,0),(28023,'GT','5009',1,6619,201211,'CEDI, COFI','3','0','12','',0,0,0),(28024,'GT','6021',1,6619,201211,'COFI, CTES','3','0','12','',0,0,0),(28025,'GT','6021',1,6619,201211,'COFI, CTES','3','0','12','',0,0,0),(28026,'GT','6021',1,6619,201211,'COFI, CTES','3','0','12','',0,0,0),(28027,'GT','6021',1,6619,201211,'COFI, CTES','3','0','12','100.0',1,0,2),(28028,'GT','6021',1,6619,201211,'COFI, CTES','3','0','12','',0,0,0),(28029,'GT','6021',1,6619,201211,'COFI, CTES','3','0','12','100.0',1,0,1),(28030,'GT','6021',1,6619,201211,'COFI, CTES','3','0','12','100.0',1,0,2),(28031,'GT','6021',1,6619,201211,'COFI, CTES','3','0','12','',0,0,0),(28032,'GT','6021',1,3,201211,'COFI, CTES','3','0','12','100.0',1,0,2),(28033,'GT','6021',1,6619,201211,'COFI, CTES','3','0','12','',0,0,0),(28034,'GT','6021',1,6619,201211,'COFI, CTES','3','0','12','',0,0,0),(28035,'GT','6021',1,6619,201211,'COFI, CTES','3','0','12','',0,0,0),(28036,'GT','6021',1,6619,201211,'COFI, CTES','3','0','12','',0,0,0),(28037,'GT','6021',1,6619,201211,'COFI, CTES','3','0','12','100.0',1,0,1),(28038,'GT','6021',1,6619,201211,'COFI, CTES','3','0','12','',0,0,0),(28039,'GT','6021',1,6619,201211,'COFI, CTES','3','0','12','',0,0,0),(28040,'GT','6021',1,6619,201211,'COFI, CTES','3','0','12','',0,0,0),(28041,'GT','6021',1,6619,201211,'COFI, CTES','3','0','12','100.0',1,0,1),(28042,'GT','6021',1,6619,201211,'COFI, CTES','3','0','12','',0,0,0),(28043,'GT','6021',1,6619,201211,'COFI, CTES','3','0','12','',0,0,0),(28044,'GT','6021',1,6619,201211,'COFI, CTES','3','0','12','',0,0,0),(28045,'GT','6021',1,6619,201211,'COFI, CTES','3','0','12','',0,0,0),(28046,'GT','6021',1,6619,201211,'COFI, CTES','3','0','12','',0,0,0),(28047,'GT','6021',1,6619,201211,'COFI, CTES','3','0','12','',0,0,0),(28216,'M','2009',1,6619,201211,'COFI','3','0','8','100.0',1,0,35),(28321,'GT','6020',1,6619,201211,'COFI, CTES','3','0','24','',0,0,0),(28322,'GT','6020',1,6619,201211,'COFI, CTES','3','0','24','',0,0,0),(28323,'GT','6020',1,6619,201211,'COFI, CTES','3','0','24','',0,0,0),(28324,'GT','6020',1,6619,201211,'COFI, CTES','3','0','24','100.0',1,0,1),(28325,'GT','6020',1,6619,201211,'COFI, CTES','3','0','24','',0,0,0),(28326,'GT','6020',1,6619,201211,'COFI, CTES','3','0','24','100.0',1,0,1),(28327,'GT','6020',1,6619,201211,'COFI, CTES','3','0','24','',0,0,0),(28328,'GT','6020',1,6619,201211,'COFI, CTES','3','0','24','100.0',1,0,1),(28329,'GT','6020',1,6619,201211,'COFI, CTES','3','0','24','',0,0,0),(28330,'GT','6020',1,6619,201211,'COFI, CTES','3','0','24','',0,0,0),(28331,'GT','6020',1,6619,201211,'COFI, CTES','3','0','24','',0,0,0),(28332,'GT','6020',1,6619,201211,'COFI, CTES','3','0','24','',0,0,0),(28333,'GT','6020',1,6619,201211,'COFI, CTES','3','0','24','',0,0,0),(28334,'GT','6020',1,6619,201211,'COFI, CTES','3','0','24','',0,0,0),(28341,'WA01','102',1,1,201211,'COFI, CRBB, CSCA','3','0','0','100.0',1,0,31),(28341,'WA01','102',1,6619,201211,'COFI, CRBB, CSCA','3','0','0','100.0',1,0,31),(28350,'TC','1017',1,6619,201211,'CAES, COFI','3','0','8','100.0',1,0,28),(28352,'TC','1017',1,6619,201211,'CAES, COFI','3','0','8','',0,0,0),(28355,'TC','1007',1,6619,201211,'COFI','3','1','8','',0,0,0),(28624,'TC','1017',1,6619,201211,'CAES, COFI, CRBB','3','0','8','100.0',1,0,29),(28814,'TC','1001',1,6619,201211,'CAES, CEDI, COFI','3','0','8','',0,0,0),(28968,'GT','4001',1,2,201211,'CEDI, COFI','3','0','12','100.0',1,0,1),(28969,'GT','4001',1,3,201211,'CEDI, COFI','3','0','12','100.0',1,0,1),(28970,'GT','4002',1,6618,201211,'CEDI, COFI','3','0','12','100.0',1,0,1),(28971,'GT','4002',1,6619,201211,'CEDI, COFI','3','0','12','',0,0,0),(28972,'GT','4002',1,6619,201211,'CEDI, COFI','3','0','12','100.0',1,0,1),(28973,'GT','4002',1,6619,201211,'CEDI, COFI','3','0','12','100.0',1,0,1),(28974,'GT','4002',1,6619,201211,'CEDI, COFI','3','0','12','100.0',1,0,1),(28975,'GT','4002',1,6619,201211,'CEDI, COFI','3','0','12','100.0',1,0,1),(28976,'GT','4002',1,2,201211,'CEDI, COFI','3','0','12','100.0',1,0,2),(28977,'GT','4002',1,4,201211,'CEDI, COFI','3','0','12','50.0',2,0,1),(28977,'GT','4002',1,6619,201211,'CEDI, COFI','3','0','12','50.0',2,0,1),(28978,'GT','4002',1,4,201211,'CEDI, COFI','3','0','12','100.0',1,0,1),(28978,'GT','4002',1,6619,201211,'CEDI, COFI','3','0','12','100.0',1,0,1),(28979,'GT','5004',1,6619,201211,'COFI, CTES','3','0','12','100.0',1,0,2),(28980,'GT','5004',1,6619,201211,'COFI, CTES','3','0','12','100.0',1,0,1),(28981,'GT','5004',1,6619,201211,'COFI, CTES','3','0','12','100.0',1,0,1),(28982,'GT','5004',1,6619,201211,'COFI, CTES','3','0','12','100.0',1,0,1),(28983,'GT','5004',1,6619,201211,'COFI, CTES','3','0','12','100.0',1,0,1),(28997,'TC','1017',1,6619,201211,'CAES, COFI, CRBB','3','0','8','100.0',1,0,30),(28998,'TC','2011',1,6619,201211,'COFI, CRBB, CUTE','3','0','8','100.0',1,0,18),(29317,'GT','4003',1,6619,201211,'CEDI, COFI','3','0','12','100.0',1,0,1),(29318,'GT','4005',1,6619,201211,'CEDI, COFI','3','0','12','50.0',2,0,1),(29319,'GT','4006',1,6619,201211,'CEDI, COFI','3','0','12','100.0',1,0,1),(29320,'GT','4006',1,2,201211,'CEDI, COFI','3','0','12','100.0',1,0,1),(29321,'GT','5000',1,4,201211,'CEDI, COFI','3','0','12','50.0',2,0,1),(29321,'GT','5000',1,6619,201211,'CEDI, COFI','3','0','12','50.0',2,0,1),(29322,'GT','5002',1,6619,201211,'COFI, CTES','3','0','12','',0,0,0),(29323,'GT','5002',1,6619,201211,'COFI, CTES','3','0','12','',0,0,0),(29324,'GT','5002',1,6619,201211,'COFI, CTES','3','0','12','100.0',1,0,2),(29325,'GT','5002',1,6619,201211,'COFI, CTES','3','0','12','',0,0,0),(29326,'GT','5004',1,4,201211,'COFI, CTES','3','0','12','100.0',1,0,1),(29327,'GT','5004',1,4,201211,'COFI, CTES','3','0','12','100.0',1,0,1),(29327,'GT','5004',1,6619,201211,'COFI, CTES','3','0','12','100.0',1,0,1),(29328,'GT','5008',1,6619,201211,'CEDI, COFI','3','0','12','100.0',1,0,1),(29329,'GT','5008',1,6619,201211,'CEDI, COFI','3','0','12','100.0',1,0,1),(29330,'GT','5009',1,6619,201211,'CEDI, COFI','3','0','12','100.0',1,0,1),(29331,'GT','6024',1,6619,201211,'COFI, CTES','3','0','24','50.0',2,0,1),(29336,'IA','4006',1,6619,201211,'CEDI, COFI, CRBB','3','0','12','100.0',1,0,4),(29337,'IA','4006',1,3,201211,'CEDI, COFI, CRBB','3','0','12','100.0',1,0,4),(29338,'IA','4006',1,3,201211,'CEDI, COFI, CRBB','3','0','12','100.0',1,0,1),(29338,'IA','4006',1,6619,201211,'CEDI, COFI, CRBB','3','0','12','100.0',1,0,1),(29339,'IA','4006',1,6619,201211,'CEDI, COFI, CRBB','3','0','12','',0,0,0),(29340,'IA','4006',1,6619,201211,'CEDI, COFI, CRBB','3','0','12','',0,0,0),(29349,'TC','4002',1,3,201211,'CEDI, COFI','3','0','12','100.0',1,0,6),(29349,'TC','4002',1,6619,201211,'CEDI, COFI','3','0','12','100.0',1,0,6),(29636,'GT','5004',1,4,201211,'COFI, CTES','3','0','12','100.0',1,0,1),(29636,'GT','5004',1,6619,201211,'COFI, CTES','3','0','12','100.0',1,0,1),(29637,'GT','6002',1,6619,201211,'COFI, CTES','3','0','12','100.0',1,0,1),(29638,'IA','4006',1,6619,201211,'CEDI, COFI, CRBB','3','0','12','100.0',1,0,1),(29639,'IA','5012',1,6619,201211,'COFI, CRBB','3','0','12','100.0',1,0,7),(29727,'GT','4002',1,4,201211,'CEDI, COFI','3','0','12','100.0',1,0,1),(29727,'GT','4002',1,6619,201211,'CEDI, COFI','3','0','12','100.0',1,0,1),(29728,'GT','4003',1,6619,201211,'CEDI, COFI','3','0','12','',0,0,0),(29729,'GT','4005',1,6619,201211,'CEDI, COFI','3','0','12','100.0',1,0,1),(29730,'GT','6024',1,6619,201211,'COFI, CTES','3','0','24','100.0',1,0,1),(29731,'GT','6025',1,6619,201211,'COFI, CTES','3','0','12','',0,0,0),(29734,'WA00','800',1,6619,201211,'COFI, CPEA, CRBB, CSCA','3','3','0','100.0',1,0,12),(29814,'GT','4001',1,6617,201211,'CEDI, COFI','3','0','12','100.0',1,0,1),(29815,'GT','6004',1,6619,201211,'COFI, CTES','3','0','12','',0,0,0),(29816,'GT','6018',1,6619,201211,'COFI, CTES','3','0','24','',0,0,0),(29824,'CB95','74',1,1,201211,'CEDI, COFI','1','7','8','100.0',1,0,1),(29870,'IA','4006',1,6619,201211,'CEDI, COFI','3','0','12','100.0',1,0,1);
/*!40000 ALTER TABLE `grupo` ENABLE KEYS */;
UNLOCK TABLES;

--
-- Table structure for table `semestre`
--

DROP TABLE IF EXISTS `semestre`;
/*!40101 SET @saved_cs_client     = @@character_set_client */;
/*!40101 SET character_set_client = utf8 */;
CREATE TABLE `semestre` (
  `idSemestre` int(11) NOT NULL AUTO_INCREMENT,
  `idPlan` int(11) NOT NULL DEFAULT '0',
  `idCarrera` int(11) NOT NULL DEFAULT '0',
  `semestre` varchar(2) COLLATE utf8_spanish_ci NOT NULL,
  PRIMARY KEY (`idSemestre`,`idPlan`,`idCarrera`),
  KEY `SemestrePlanDeEstudios` (`idPlan`,`idCarrera`),
  CONSTRAINT `SemestrePlanDeEstudios` FOREIGN KEY (`idPlan`, `idCarrera`) REFERENCES `plandeestudios` (`idPlanDeEstudios`, `idCarrera`) ON DELETE CASCADE ON UPDATE CASCADE
) ENGINE=InnoDB AUTO_INCREMENT=31 DEFAULT CHARSET=utf8 COLLATE=utf8_spanish_ci;
/*!40101 SET character_set_client = @saved_cs_client */;

--
-- Dumping data for table `semestre`
--

LOCK TABLES `semestre` WRITE;
/*!40000 ALTER TABLE `semestre` DISABLE KEYS */;
INSERT INTO `semestre` VALUES (1,1,1,'0'),(2,1,1,'1'),(3,1,1,'2'),(4,1,1,'3'),(5,1,1,'4'),(6,1,1,'5'),(7,1,1,'6'),(8,1,1,'7'),(9,1,1,'8'),(10,1,1,'9'),(11,2,1,'0'),(12,2,1,'1'),(13,2,1,'2'),(14,2,1,'3'),(15,2,1,'4'),(16,2,1,'5'),(17,2,1,'6'),(18,2,1,'7'),(19,2,1,'8'),(20,2,1,'9'),(21,3,2,'0'),(22,3,2,'1'),(23,3,2,'2'),(24,3,2,'3'),(25,3,2,'4'),(26,3,2,'5'),(27,3,2,'6'),(28,3,2,'7'),(29,3,2,'8'),(30,3,2,'9');
/*!40000 ALTER TABLE `semestre` ENABLE KEYS */;
UNLOCK TABLES;

--
-- Table structure for table `materia`
--

DROP TABLE IF EXISTS `materia`;
/*!40101 SET @saved_cs_client     = @@character_set_client */;
/*!40101 SET character_set_client = utf8 */;
CREATE TABLE `materia` (
  `materia` varchar(5) COLLATE utf8_spanish_ci NOT NULL,
  `curso` varchar(5) COLLATE utf8_spanish_ci NOT NULL,
  `nombreMateria` varchar(100) COLLATE utf8_spanish_ci NOT NULL,
  `disciplina` varchar(45) COLLATE utf8_spanish_ci NOT NULL,
  PRIMARY KEY (`materia`,`curso`)
) ENGINE=InnoDB DEFAULT CHARSET=utf8 COLLATE=utf8_spanish_ci;
/*!40101 SET character_set_client = @saved_cs_client */;

--
-- Dumping data for table `materia`
--

LOCK TABLES `materia` WRITE;
/*!40000 ALTER TABLE `materia` DISABLE KEYS */;
INSERT INTO `materia` VALUES ('AR','1007','Historia de la arquitectura y de la ciudad I','Arquitectura'),('AR','1010','Historia de la arquitectura y de la ciudad II','Arquitectura'),('AR','1013','Dibujo','Arquitectura'),('AR','1014','Geometría descriptiva','Arquitectura'),('AR','1015','Dibujo arquitectónico','Arquitectura'),('AR','1016','Geometría aplicada','Arquitectura'),('AR','1017','Dibujo computarizado','Arquitectura'),('AR','1018','Teorías de arquitectura y metodologías de diseño','Arquitectura'),('AR','1019','Introducción a la arquitectura','Arquitectura'),('AR','2004','Visualización digital','Arquitectura'),('AR','2005','Historia de la arquitectura y de la ciudad III','Arquitectura'),('AR','2007','Historia de la arquitectura y de la ciudad IV','Arquitectura'),('AR','2017','Diseño bioclimático','Arquitectura'),('AR','2018','Proyectos I: Casa habitación','Arquitectura'),('AR','2019','Proyectos II: Vivienda colectiva','Arquitectura'),('AR','2020','Instalaciones y sistemas alternos','Arquitectura'),('AR','2021','Materiales y procedimientos de construcción II','Arquitectura'),('AR','2022','Proyectos III: Edificios de educación o recreación','Arquitectura'),('AR','2023','Proyectos constructivos I','Arquitectura'),('AR','2024','Proyectos IV: Edificios comunitarios','Arquitectura'),('AR','2025','Análisis crítico de la arquitectura y su contexto','Arquitectura'),('AR','2026','Proyectos constructivos II','Arquitectura'),('AR','3006','Metodologías de diseño urbano','Arquitectura'),('AR','3014','Proyectos V: Conjuntos de usos mixtos','Arquitectura'),('AR','3015','Edificación y eficiencia energética','Arquitectura'),('AR','3016','Práctica profesional','Arquitectura'),('AR','3017','Proyectos integradores I','Arquitectura'),('AR','3018','Teorías urbanas','Arquitectura'),('AR','3019','Proyectos inmobiliarios','Arquitectura'),('AR','3020','Proyectos integradores II','Arquitectura'),('AR','3021','Introducción a la vida profesional','Arquitectura'),('AR','3022','Proyecto de fin de carrera','Arquitectura'),('CB95','74','Proyecto integrador de tecnologías emergentes','prueba'),('CV','2016','Administración de obras','Ingieniería Civil'),('CV','2023','Materiales y procedimientos de construcción I','Ingieniería Civil'),('CV','2024','Mecánica de estructuras I','Ingieniería Civil'),('CV','2025','Mecánica de estructuras II','Ingieniería Civil'),('CV','2026','Sistemas estructurales','Ingieniería Civil'),('CV','2027','Costos de construcción','Ingieniería Civil'),('CV','3017','Diseño de estructuras de concreto','Ingieniería Civil'),('CV','3018','Diseño de estructuras de acero','Ingieniería Civil'),('CV','3022','Gestión empresarial de la industria de la construcción','Ingieniería Civil'),('DL','1002','Fundamentos del diseño I','Diseño Industrial'),('DL','1004','Fundamentos del diseño II','Diseño Industrial'),('DL','1008','Modelos y maquetas','Diseño Industrial'),('DL','1009','Creatividad e innovación','Diseño Industrial'),('DS','1003','Ciencias naturales y desarrollo sustentable','Desarrollo Sostenible'),('EM','1005','Emprendimiento','Emprendedores'),('F','1001','Introduccion a la Fisica','Fisica'),('GT','4001','Estudio independiente I','prueba'),('GT','4002','Estudio independiente II','prueba'),('GT','4003','Estudio independiente III','prueba'),('GT','4004','Estudio independiente IV','prueba'),('GT','4005','Estudio independiente V','prueba'),('GT','4006','Estudio independiente VI','prueba'),('GT','5000','Tesis I','prueba'),('GT','5001','Tesis II','prueba'),('GT','5002','Propuesta de investigación I','prueba'),('GT','5003','Propuesta de investigación II','prueba'),('GT','5004','Propuesta de investigación III','prueba'),('GT','5008','Investigación dirigida I','prueba'),('GT','5009','Investigación dirigida II','prueba'),('GT','6002','Investigación predoctoral II','prueba'),('GT','6003','Investigación predoctoral III','prueba'),('GT','6004','Investigación predoctoral IV','prueba'),('GT','6007','Seminario de investigación III','prueba'),('GT','6008','Seminario de investigación IV','prueba'),('GT','6009','Seminario de investigación V','prueba'),('GT','6011','Seminario de investigación VI','prueba'),('GT','6018','Disertación doctoral I','prueba'),('GT','6019','Disertación doctoral II','prueba'),('GT','6020','Disertación doctoral III','prueba'),('GT','6021','Disertación doctoral IV','prueba'),('GT','6022','Disertación doctoral V','prueba'),('GT','6023','Disertación doctoral VI','prueba'),('GT','6024','Disertación doctoral VII','prueba'),('GT','6025','Disertación doctoral VIII','prueba'),('GT','6026','Disertación doctoral IX','prueba'),('GT','6027','Defensa doctoral','prueba'),('H','1001','Ingles Remedial I','Humanidades'),('H','1002','Inglés remedial II','Humanidades'),('H','1003','Inglés remedial III','Humanidades'),('H','1004','Inglés remedial IV','Humanidades'),('H','1005','Inglés remedial V','Humanidades'),('H','1015','Fundamentos de la escritura','Humanidades'),('H','1016','Lengua extranjera','Humanidades'),('H','1018','Ética, persona y sociedad','Humanidades'),('H','1040','Análisis y expresión verbal','Humanidades'),('H','2001','Expresión verbal en el ámbito profesional','Humanidades'),('HS','2005','Ciudadanía','Humanidades y Ciencias Sociale'),('HS','2006','Ética aplicada','Humanidades y Ciencias Sociale'),('IA','4001','Sistemas de búsqueda y razonamiento','prueba'),('IA','4002','Sistemas de incertidumbre','prueba'),('IA','4003','Sistemas basados en conocimiento','prueba'),('IA','4004','Sistemas basados en agentes','prueba'),('IA','4005','Robótica','prueba'),('IA','4006','Estudio independiente I','prueba'),('IA','4009','Sistemas de incertidumbre','prueba'),('IA','5000','Descubrimiento del conocimiento y minería de datos','prueba'),('IA','5005','Sistemas conexionistas y evolutivos','prueba'),('IA','5009','Computación evolutiva','prueba'),('IA','5012','Visión computacional','prueba'),('IA','5019','Tesis I','prueba'),('IA','5020','Tesis II','prueba'),('IA95','12','Proyecto de sistemas inteligentes I','prueba'),('IA95','13','Proyecto de sistemas inteligentes II','prueba'),('IA95','20','Introducción a los sistemas inteligentes','prueba'),('IA95','21','Inteligencia computacional','prueba'),('IM','2005','Programación de audio','prueba'),('M','2009','Métodos numéricos en ingeniería','prueba'),('MA','1001','Introducción a las matemáticas','Matemáticas'),('MA','1009','Matemáticas para el diseño','Matemáticas'),('MA','2009','Matematicas III','Matematicas'),('TC','1000','Estructura de datos','prueba'),('TC','1001','Introducción a la computación','prueba'),('TC','1003','Matematicas Discretas','Matematicas'),('TC','1005','Programación y estructura de datos','prueba'),('TC','1006','Proyecto de solución de problemas con programación','prueba'),('TC','1007','Redes I','prueba'),('TC','1009','Desarrollo de sistemas y bases de datos','prueba'),('TC','1013','Métodos numéricos y álgebra lineal','prueba'),('TC','1014','Fundamentos de Programacion','Ciencias Computacionales'),('TC','1015','Fundamentos de diseño interactivo','prueba'),('TC','1016','Organización computacional','prueba'),('TC','1017','Solución de problemas con programación','prueba'),('TC','1019','Fundamentos de ingeniería de software','prueba'),('TC','1021','Proyecto de Desarrollo de Videojuegos','Ciencias Computacionales'),('TC','1022','Introduccion a la Ingenieria en Tecnologias Computacionales','Ciencias Computacionales'),('TC','1024','Introducción a la ingeniería en tecnologías de información y comunicaciones','prueba'),('TC','2001','Análisis y diseño de algoritmos','prueba'),('TC','2002','Redes II','prueba'),('TC','2003','Teoría de la computación','prueba'),('TC','2004','Análisis y modelación de sistemas de software','prueba'),('TC','2005','Desarrollo de aplicaciones distribuidas','prueba'),('TC','2006','Lenguajes de programación','prueba'),('TC','2007','Métodos cuantitativos y simulación','prueba'),('TC','2008','Sistemas operativos','prueba'),('TC','2009','Uso y administración de sistemas operativos','prueba'),('TC','2010','Seguridad informática','prueba'),('TC','2011','Sistemas inteligentes','prueba'),('TC','2012','Proyecto de desarrollo de software','prueba'),('TC','2013','Introducción a gráficas computacionales','prueba'),('TC','2014','Análisis y diseño de algoritmos','prueba'),('TC','2015','Desarrollo de aplicaciones en lenguaje ensamblador','prueba'),('TC','2016','Programación orientada a objetos','prueba'),('TC','2021','Programación para artistas digitales','prueba'),('TC','3001','Optimización y programación lineal','prueba'),('TC','3002','Administración de proyectos de ingeniería de software','prueba'),('TC','3003','Diseño y arquitectura de software','prueba'),('TC','3004','Ingeniería de requerimientos','prueba'),('TC','3005','Métodos formales de ingeniería de software','prueba'),('TC','3006','Procesos y calidad en el software','prueba'),('TC','3007','Proyecto integrador de tecnologías computacionales','prueba'),('TC','3008','Verificación y validación de software','prueba'),('TC','3009','Administración de datos','prueba'),('TC','3010','Administración de redes','prueba'),('TC','3011','Administración de servicios de tecnologías de información','prueba'),('TC','3012','Administración de servidores','prueba'),('TC','3013','Fundamentos de redes inalámbricas','prueba'),('TC','3016','Redes corporativas I','prueba'),('TC','3017','Redes corporativas II','prueba'),('TC','3018','Redes IP para pequeña y mediana empresa','prueba'),('TC','3019','Seguridad informática avanzada','prueba'),('TC','3020','Aprendizaje automático','prueba'),('TC','3021','Desarrollo de videojuegos','prueba'),('TC','3022','Gráficas computacionales','prueba'),('TC','3023','Inteligencia computacional','prueba'),('TC','3024','Modelado y animación','prueba'),('TC','3025','Sistemas multiagentes','prueba'),('TC','3028','Interfaces físicas','prueba'),('TC','3030','Lenguajes y traductores','prueba'),('TC','3032','Visión para robots','prueba'),('TC','3037','Programación avanzada','prueba'),('TC','3040','Compiladores','prueba'),('TC','3041','Bases de datos avanzadas','prueba'),('TC','3043','Sistemas operativos II','prueba'),('TC','3056','Administración de proyectos de arte y tecnología','prueba'),('TC','3057','Visualización gráfica de información','prueba'),('TC','4000','Técnicas de programación','prueba'),('TC','4001','Fundamentos de la computación','prueba'),('TC','4002','Análisis, diseño y construcción de software','prueba'),('TC','4003','Sistemas distribuidos','prueba'),('TC','4007','Redes inalámbricas y móviles','prueba'),('TC','4008','Entornos de alto desempeño','prueba'),('TC','4009','Seguridad computacional I','prueba'),('TC','4010','Arquitecturas de software','prueba'),('TC','4011','Pruebas de software y aseguramiento de la calidad','prueba'),('TC','4012','Administración del desarrollo de software','prueba'),('TC','4015','Metodologías y disciplinas de desarrollo','prueba'),('TC','5003','Redes de alta velocidad','prueba'),('TC','5004','Programación paralela y concurrente','prueba'),('TC','5005','Seguridad computacional II','prueba'),('TC','5006','Programación orientada a aspectos','prueba'),('TC','5007','Métodos formales de ingeniería de software','prueba'),('TC','5008','Bases de datos distribuidas','prueba'),('TC','5009','Tópicos selectos en ciencias computacionales','prueba'),('TE','3011','Redes de transporte multimedia','prueba'),('TI','1010','Creatividad e innovación para la solución de problemas','prueba'),('TI','2006','Proyecto de integración de electrónica, computación e información','prueba'),('VA','2010','Tópicos I','Tópicos'),('VA','2011','Tópicos II','Tópicos'),('VA','2012','Tópicos III','Tópicos'),('VA','2013','Tópicos IV','Tópicos'),('WA00','200','Proyecto científico II','prueba'),('WA00','400','Proyecto vinculación I','prueba'),('WA00','600','Proyecto vinculación III','prueba'),('WA00','800','Proyecto impacto II','prueba'),('WA01','102','Taller de integración de fin de carrera e inducción a la vida profesional DECIC','prueba'),('WA01','118','Taller de solución de problemas I','prueba'),('WA01','119','Taller de solución de problemas II','prueba');
/*!40000 ALTER TABLE `materia` ENABLE KEYS */;
UNLOCK TABLES;

--
-- Table structure for table `tablanotificacion`
--

DROP TABLE IF EXISTS `tablanotificacion`;
/*!40101 SET @saved_cs_client     = @@character_set_client */;
/*!40101 SET character_set_client = utf8 */;
CREATE TABLE `tablanotificacion` (
  `idtablaNotificacion` int(11) NOT NULL AUTO_INCREMENT,
  `indexUsuario` int(11) NOT NULL DEFAULT '0',
  `idDepartamento` int(11) NOT NULL DEFAULT '0',
  PRIMARY KEY (`idtablaNotificacion`,`indexUsuario`,`idDepartamento`),
  KEY `notificacionUsuario` (`indexUsuario`,`idDepartamento`),
  CONSTRAINT `notificacionUsuario` FOREIGN KEY (`indexUsuario`, `idDepartamento`) REFERENCES `usuario` (`indexUsuario`, `idDepartamento`) ON DELETE CASCADE ON UPDATE CASCADE
) ENGINE=InnoDB AUTO_INCREMENT=2 DEFAULT CHARSET=utf8 COLLATE=utf8_spanish_ci;
/*!40101 SET character_set_client = @saved_cs_client */;

--
-- Dumping data for table `tablanotificacion`
--

LOCK TABLES `tablanotificacion` WRITE;
/*!40000 ALTER TABLE `tablanotificacion` DISABLE KEYS */;
INSERT INTO `tablanotificacion` VALUES (1,1,1);
/*!40000 ALTER TABLE `tablanotificacion` ENABLE KEYS */;
UNLOCK TABLES;

--
-- Table structure for table `usuario`
--

DROP TABLE IF EXISTS `usuario`;
/*!40101 SET @saved_cs_client     = @@character_set_client */;
/*!40101 SET character_set_client = utf8 */;
CREATE TABLE `usuario` (
  `indexUsuario` int(11) NOT NULL AUTO_INCREMENT,
  `idDepartamento` int(11) NOT NULL DEFAULT '0',
  `idUsuario` varchar(9) COLLATE utf8_spanish_ci NOT NULL COMMENT 'Es la "Matricula del Profesor"',
  `nombreUsuario` varchar(45) COLLATE utf8_spanish_ci NOT NULL,
  `apellidoUsuario` varchar(45) COLLATE utf8_spanish_ci NOT NULL,
  `genero` char(1) COLLATE utf8_spanish_ci DEFAULT 'M' COMMENT 'Masculino o Femenino',
  `email` varchar(100) COLLATE utf8_spanish_ci DEFAULT NULL,
  `alta` bit(1) NOT NULL DEFAULT b'0',
  `password` varchar(40) COLLATE utf8_spanish_ci NOT NULL,
  `administrador` bit(1) NOT NULL DEFAULT b'0',
  `rol` char(5) COLLATE utf8_spanish_ci NOT NULL DEFAULT 'P' COMMENT 'Profesor\nDirector... Cualquier rol que se desee\nAgregar',
  PRIMARY KEY (`indexUsuario`,`idDepartamento`),
  KEY `idDepartamentoUsuario` (`idDepartamento`),
  CONSTRAINT `idDepartamentoUsuario` FOREIGN KEY (`idDepartamento`) REFERENCES `departamento` (`idDepartamento`) ON DELETE CASCADE ON UPDATE CASCADE
) ENGINE=InnoDB AUTO_INCREMENT=6620 DEFAULT CHARSET=utf8 COLLATE=utf8_spanish_ci;
/*!40101 SET character_set_client = @saved_cs_client */;

--
-- Dumping data for table `usuario`
--

LOCK TABLES `usuario` WRITE;
/*!40000 ALTER TABLE `usuario` DISABLE KEYS */;
INSERT INTO `usuario` VALUES (1,1,'L00215087','Elda Guadalupe','Quiroga Gonzalez','F','x@itesm.mx','\0','\'\'','\0','P'),(2,1,'L00276543','Ramon Felipe','Brena Pinero','M','y@itesm.mx','\0','\'\'','\0','P'),(3,1,'L00265355','Hugo','Terashima Marin','M','w@itesm.mx','\0','\'\'','\0','P'),(4,1,'L00234153','Juan Arturo','Nolazco Flores','M','z@itesm.mx','','123','','P'),(6617,1,'L00251678','Raúl Valente','Ramírez','M',NULL,'\0','pass','\0','P'),(6618,1,'L00283507','José Luis','Gordillo','M',NULL,'\0','pass','\0','P'),(6619,1,'','','','M',NULL,'\0','pass','\0','P');
/*!40000 ALTER TABLE `usuario` ENABLE KEYS */;
UNLOCK TABLES;

--
-- Table structure for table `registroexcel`
--

DROP TABLE IF EXISTS `registroexcel`;
/*!40101 SET @saved_cs_client     = @@character_set_client */;
/*!40101 SET character_set_client = utf8 */;
CREATE TABLE `registroexcel` (
  `idregistroExcel` int(11) NOT NULL AUTO_INCREMENT,
  `indexUsuario` int(11) NOT NULL,
  `deptPlan` varchar(40) COLLATE utf8_spanish_ci NOT NULL,
  `fecha` datetime NOT NULL,
  `nombreArchivo` varchar(100) COLLATE utf8_spanish_ci NOT NULL,
  `tipo` bit(1) NOT NULL,
  PRIMARY KEY (`idregistroExcel`,`indexUsuario`),
  KEY `REUsuario` (`indexUsuario`),
  CONSTRAINT `REUsuario` FOREIGN KEY (`indexUsuario`) REFERENCES `usuario` (`indexUsuario`) ON DELETE NO ACTION ON UPDATE NO ACTION
) ENGINE=InnoDB AUTO_INCREMENT=95 DEFAULT CHARSET=utf8 COLLATE=utf8_spanish_ci;
/*!40101 SET character_set_client = @saved_cs_client */;

--
-- Dumping data for table `registroexcel`
--

LOCK TABLES `registroexcel` WRITE;
/*!40000 ALTER TABLE `registroexcel` DISABLE KEYS */;
INSERT INTO `registroexcel` VALUES (77,1,'\nARQ11','2012-04-30 19:18:00','ARQ11.xlsx',''),(79,4,'\nARQ11','2012-05-01 17:02:00','ARQ11.xlsx',''),(94,4,'Ciencias Computacionales','2012-05-01 22:19:00','grupos.xlsx','\0');
/*!40000 ALTER TABLE `registroexcel` ENABLE KEYS */;
UNLOCK TABLES;

--
-- Table structure for table `actividadesextra`
--

DROP TABLE IF EXISTS `actividadesextra`;
/*!40101 SET @saved_cs_client     = @@character_set_client */;
/*!40101 SET character_set_client = utf8 */;
CREATE TABLE `actividadesextra` (
  `idActividadesExtra` int(11) NOT NULL AUTO_INCREMENT,
  `idDepartamento` int(11) NOT NULL,
  `indexUsuario` int(11) NOT NULL,
  `idPeriodo` int(11) NOT NULL,
  `diaSemana` varchar(45) COLLATE utf8_spanish_ci NOT NULL,
  `horaInicio` varchar(6) COLLATE utf8_spanish_ci NOT NULL,
  `horaFin` varchar(6) COLLATE utf8_spanish_ci NOT NULL,
  `duracion` varchar(4) COLLATE utf8_spanish_ci DEFAULT NULL,
  `actividad` varchar(15) COLLATE utf8_spanish_ci NOT NULL DEFAULT 'Comida',
  PRIMARY KEY (`idActividadesExtra`,`idDepartamento`,`indexUsuario`,`idPeriodo`),
  KEY `AEUsuario` (`indexUsuario`,`idDepartamento`),
  KEY `AEPeriodo` (`idPeriodo`),
  CONSTRAINT `AEPeriodo` FOREIGN KEY (`idPeriodo`) REFERENCES `periodo` (`idPeriodo`) ON DELETE NO ACTION ON UPDATE NO ACTION,
  CONSTRAINT `AEUsuario` FOREIGN KEY (`indexUsuario`, `idDepartamento`) REFERENCES `usuario` (`indexUsuario`, `idDepartamento`) ON DELETE CASCADE ON UPDATE CASCADE
) ENGINE=InnoDB AUTO_INCREMENT=2 DEFAULT CHARSET=utf8 COLLATE=utf8_spanish_ci;
/*!40101 SET character_set_client = @saved_cs_client */;

--
-- Dumping data for table `actividadesextra`
--

LOCK TABLES `actividadesextra` WRITE;
/*!40000 ALTER TABLE `actividadesextra` DISABLE KEYS */;
INSERT INTO `actividadesextra` VALUES (1,1,1,201111,'Lunes','10:00','12:30','2.5','Comida'),(1,1,2,201111,'Martes','08:00','09:30','1.5','Asesoria');
/*!40000 ALTER TABLE `actividadesextra` ENABLE KEYS */;
UNLOCK TABLES;

--
-- Table structure for table `horarios`
--

DROP TABLE IF EXISTS `horarios`;
/*!40101 SET @saved_cs_client     = @@character_set_client */;
/*!40101 SET character_set_client = utf8 */;
CREATE TABLE `horarios` (
  `idHorarios` int(11) NOT NULL AUTO_INCREMENT,
  `CRN` int(11) NOT NULL,
  `materia` varchar(5) COLLATE utf8_spanish_ci NOT NULL,
  `curso` varchar(5) COLLATE utf8_spanish_ci NOT NULL,
  `idDepartamento` int(11) NOT NULL,
  `indexUsuario` int(11) NOT NULL,
  `idPeriodo` int(11) NOT NULL,
  `salon` varchar(10) COLLATE utf8_spanish_ci NOT NULL,
  `diaSemana` varchar(20) COLLATE utf8_spanish_ci NOT NULL,
  `horaInicio` varchar(20) COLLATE utf8_spanish_ci NOT NULL,
  `horaFin` varchar(20) COLLATE utf8_spanish_ci NOT NULL,
  PRIMARY KEY (`idHorarios`,`CRN`,`materia`,`idDepartamento`,`indexUsuario`,`idPeriodo`,`curso`),
  KEY `HGrupos` (`CRN`,`materia`,`idDepartamento`,`indexUsuario`,`idPeriodo`,`curso`),
  CONSTRAINT `HGrupos` FOREIGN KEY (`CRN`, `materia`, `idDepartamento`, `indexUsuario`, `idPeriodo`, `curso`) REFERENCES `grupo` (`CRN`, `materia`, `idDepartamento`, `indexUsuario`, `idPeriodo`, `curso`) ON DELETE CASCADE ON UPDATE CASCADE
) ENGINE=InnoDB AUTO_INCREMENT=51889 DEFAULT CHARSET=utf8 COLLATE=utf8_spanish_ci;
/*!40101 SET character_set_client = @saved_cs_client */;

--
-- Dumping data for table `horarios`
--

LOCK TABLES `horarios` WRITE;
/*!40000 ALTER TABLE `horarios` DISABLE KEYS */;
INSERT INTO `horarios` VALUES (51560,29824,'CB95','74',1,1,201211,'A-OFNA','Lunes','',''),(51561,29824,'CB95','74',1,1,201211,'A-OFNA','Martes','',''),(51562,29824,'CB95','74',1,1,201211,'A-OFNA','Miercoles','',''),(51563,29824,'CB95','74',1,1,201211,'A-OFNA','Jueves','',''),(51564,29824,'CB95','74',1,1,201211,'A-OFNA','Viernes','',''),(51565,29824,'CB95','74',1,1,201211,'A-OFNA','Sabado','',''),(51566,29824,'CB95','74',1,1,201211,'A-OFNA','Domingo','',''),(51567,28968,'GT','4001',1,2,201211,'A-OFNA','Lunes','',''),(51568,28968,'GT','4001',1,2,201211,'A-OFNA','Martes','',''),(51569,28968,'GT','4001',1,2,201211,'A-OFNA','Mercoles','',''),(51570,28968,'GT','4001',1,2,201211,'A-OFNA','Jueves','',''),(51571,28968,'GT','4001',1,2,201211,'A-OFNA','Viernes','',''),(51572,28968,'GT','4001',1,2,201211,'A-OFNA','Sabado','',''),(51573,28968,'GT','4001',1,2,201211,'A-OFNA','Domingo','',''),(51574,28969,'GT','4001',1,3,201211,'A-OFNA','Lunes','',''),(51575,28969,'GT','4001',1,3,201211,'A-OFNA','Martes','',''),(51576,28969,'GT','4001',1,3,201211,'A-OFNA','Miercoles','',''),(51577,28969,'GT','4001',1,3,201211,'A-OFNA','Jueves','',''),(51578,28969,'GT','4001',1,3,201211,'A-OFNA','Viernes','',''),(51579,28969,'GT','4001',1,3,201211,'A-OFNA','Sabado','',''),(51580,6819,'IA','4004',1,2,201211,'A-CI-','Jueves','31-dic-1899','31-dic-1899'),(51581,6821,'IA','4009',1,6619,201211,'A-A3-','Miercoles','31-dic-1899','31-dic-1899'),(51582,6821,'IA','4009',1,6619,201211,'A-A3-','Miercoles','31-dic-1899','31-dic-1899'),(51583,29639,'IA','5012',1,6619,201211,'A-A7-','Martes','31-dic-1899','31-dic-1899'),(51584,27194,'IM','2005',1,4,201211,'A-A4-','Lunes','31-dic-1899','31-dic-1899'),(51585,27194,'IM','2005',1,4,201211,'A-A4-','Miercoles','31-dic-1899','31-dic-1899'),(51586,27194,'IM','2005',1,6619,201211,'A-A4-','Lunes','31-dic-1899','31-dic-1899'),(51587,27194,'IM','2005',1,6619,201211,'A-A4-','Miercoles','31-dic-1899','31-dic-1899'),(51588,7224,'M','2009',1,6617,201211,'A-A3-','Martes','31-dic-1899','31-dic-1899'),(51589,7224,'M','2009',1,6617,201211,'A-A3-','Jueves','31-dic-1899','31-dic-1899'),(51590,7225,'M','2009',1,6619,201211,'A-A3-','Martes','31-dic-1899','31-dic-1899'),(51591,7225,'M','2009',1,6619,201211,'A-A3-','Jueves','31-dic-1899','31-dic-1899'),(51592,7226,'M','2009',1,6619,201211,'A-A3-','Lunes','31-dic-1899','31-dic-1899'),(51593,7226,'M','2009',1,6619,201211,'A-A3-','Viernes','31-dic-1899','31-dic-1899'),(51594,7227,'M','2009',1,6619,201211,'A-A4-','Martes','31-dic-1899','31-dic-1899'),(51595,7227,'M','2009',1,6619,201211,'A-A4-','Jueves','31-dic-1899','31-dic-1899'),(51596,7229,'M','2009',1,6619,201211,'A-A4-','Miercoles','31-dic-1899','31-dic-1899'),(51597,7229,'M','2009',1,6619,201211,'A-A4-','Viernes','31-dic-1899','31-dic-1899'),(51598,7230,'M','2009',1,6619,201211,'A-A4-','Miercoles','31-dic-1899','31-dic-1899'),(51599,7230,'M','2009',1,6619,201211,'A-A4-','Viernes','31-dic-1899','31-dic-1899'),(51600,7232,'M','2009',1,6619,201211,'A-A3-','Martes','31-dic-1899','31-dic-1899'),(51601,7232,'M','2009',1,6619,201211,'A-A3-','Jueves','31-dic-1899','31-dic-1899'),(51602,7234,'M','2009',1,6619,201211,'A-A4-','Lunes','31-dic-1899','31-dic-1899'),(51603,7234,'M','2009',1,6619,201211,'A-A4-','Miercoles','31-dic-1899','31-dic-1899'),(51604,7235,'M','2009',1,6619,201211,'A-A3-','Martes','31-dic-1899','31-dic-1899'),(51605,7235,'M','2009',1,6619,201211,'A-A3-','Jueves','31-dic-1899','31-dic-1899'),(51606,7237,'M','2009',1,6619,201211,'A-A3-','Martes','31-dic-1899','31-dic-1899'),(51607,7237,'M','2009',1,6619,201211,'A-A3-','Jueves','31-dic-1899','31-dic-1899'),(51608,7240,'M','2009',1,6619,201211,'A-A3-','Martes','31-dic-1899','31-dic-1899'),(51609,7240,'M','2009',1,6619,201211,'A-A3-','Jueves','31-dic-1899','31-dic-1899'),(51610,7241,'M','2009',1,6619,201211,'A-A3-','Lunes','31-dic-1899','31-dic-1899'),(51611,7241,'M','2009',1,6619,201211,'A-A3-','Miercoles','31-dic-1899','31-dic-1899'),(51612,7242,'M','2009',1,6619,201211,'A-A4-','Lunes','31-dic-1899','31-dic-1899'),(51613,7242,'M','2009',1,6619,201211,'A-A4-','Miercoles','31-dic-1899','31-dic-1899'),(51614,7244,'M','2009',1,6619,201211,'A-A4-','Miercoles','31-dic-1899','31-dic-1899'),(51615,7244,'M','2009',1,6619,201211,'A-A4-','Viernes','31-dic-1899','31-dic-1899'),(51616,28216,'M','2009',1,6619,201211,'A-A7-','Martes','31-dic-1899','31-dic-1899'),(51617,28216,'M','2009',1,6619,201211,'A-A7-','Jueves','31-dic-1899','31-dic-1899'),(51618,8389,'TC','1000',1,6619,201211,'A-A4-','Martes','31-dic-1899','31-dic-1899'),(51619,8389,'TC','1000',1,6619,201211,'A-A4-','Jueves','31-dic-1899','31-dic-1899'),(51620,8390,'TC','1001',1,6619,201211,'A-A4-','Miercoles','31-dic-1899','31-dic-1899'),(51621,8390,'TC','1001',1,6619,201211,'A-A4-','Viernes','31-dic-1899','31-dic-1899'),(51622,8391,'TC','1001',1,6619,201211,'A-A4-','Lunes','31-dic-1899','31-dic-1899'),(51623,8391,'TC','1001',1,6619,201211,'A-A4-','Viernes','31-dic-1899','31-dic-1899'),(51624,8392,'TC','1001',1,6619,201211,'A-A3-','Lunes','31-dic-1899','31-dic-1899'),(51625,8392,'TC','1001',1,6619,201211,'A-A3-','Viernes','31-dic-1899','31-dic-1899'),(51626,8395,'TC','1001',1,6619,201211,'A-A3-','Lunes','31-dic-1899','31-dic-1899'),(51627,8395,'TC','1001',1,6619,201211,'A-A3-','Miercoles','31-dic-1899','31-dic-1899'),(51628,8395,'TC','1001',1,6619,201211,'A-A3-','Viernes','31-dic-1899','31-dic-1899'),(51629,8397,'TC','1001',1,6619,201211,'A-A4-','Martes','31-dic-1899','31-dic-1899'),(51630,8397,'TC','1001',1,6619,201211,'A-A4-','Jueves','31-dic-1899','31-dic-1899'),(51631,8398,'TC','1001',1,6619,201211,'A-A4-','Martes','31-dic-1899','31-dic-1899'),(51632,8398,'TC','1001',1,6619,201211,'A-A4-','Jueves','31-dic-1899','31-dic-1899'),(51633,8399,'TC','1001',1,6619,201211,'A-A4-','Martes','31-dic-1899','31-dic-1899'),(51634,8399,'TC','1001',1,6619,201211,'A-A4-','Jueves','31-dic-1899','31-dic-1899'),(51635,19934,'TC','1001',1,6619,201211,'A-A7-','Miercoles','31-dic-1899','31-dic-1899'),(51636,19934,'TC','1001',1,6619,201211,'A-A7-','Viernes','31-dic-1899','31-dic-1899'),(51637,8408,'TC','1003',1,6619,201211,'A-A3-','Lunes','31-dic-1899','31-dic-1899'),(51638,8408,'TC','1003',1,6619,201211,'A-A3-','Miercoles','31-dic-1899','31-dic-1899'),(51639,8410,'TC','1005',1,6619,201211,'A-A3-','Lunes','31-dic-1899','31-dic-1899'),(51640,8410,'TC','1005',1,6619,201211,'A-A3-','Sabado','31-dic-1899','31-dic-1899'),(51641,8410,'TC','1005',1,6619,201211,'A-A3-','Viernes','31-dic-1899','31-dic-1899'),(51642,8411,'TC','1006',1,6619,201211,'A-A4-','Martes','31-dic-1899','31-dic-1899'),(51643,8411,'TC','1006',1,6619,201211,'A-A4-','Jueves','31-dic-1899','31-dic-1899'),(51644,8413,'TC','1007',1,6619,201211,'A-A7-','Martes','31-dic-1899','31-dic-1899'),(51645,8413,'TC','1007',1,6619,201211,'A-A7-','Jueves','31-dic-1899','31-dic-1899'),(51646,8414,'TC','1007',1,6619,201211,'A-A3-','Martes','31-dic-1899','31-dic-1899'),(51647,8414,'TC','1007',1,6619,201211,'A-A3-','Jueves','31-dic-1899','31-dic-1899'),(51648,8415,'TC','1007',1,6619,201211,'A-A3-','Martes','31-dic-1899','31-dic-1899'),(51649,8415,'TC','1007',1,6619,201211,'A-A3-','Jueves','31-dic-1899','31-dic-1899'),(51650,8416,'TC','1007',1,6619,201211,'A-A3-','Lunes','31-dic-1899','31-dic-1899'),(51651,8416,'TC','1007',1,6619,201211,'A-A3-','Miercoles','31-dic-1899','31-dic-1899'),(51652,8417,'TC','1009',1,6619,201211,'A-A3-','Martes','31-dic-1899','31-dic-1899'),(51653,8417,'TC','1009',1,6619,201211,'A-A3-','Jueves','31-dic-1899','31-dic-1899'),(51654,8417,'TC','1009',1,6619,201211,'A-A3-','Martes','31-dic-1899','31-dic-1899'),(51655,8417,'TC','1009',1,6619,201211,'A-A3-','Jueves','31-dic-1899','31-dic-1899'),(51656,8418,'TC','1009',1,6619,201211,'A-A3-','Martes','31-dic-1899','31-dic-1899'),(51657,8418,'TC','1009',1,6619,201211,'A-A3-','Jueves','31-dic-1899','31-dic-1899'),(51658,8418,'TC','1009',1,6619,201211,'A-A3-','Martes','31-dic-1899','31-dic-1899'),(51659,8418,'TC','1009',1,6619,201211,'A-A3-','Jueves','31-dic-1899','31-dic-1899'),(51660,8419,'TC','1009',1,6619,201211,'A-A4-','Lunes','31-dic-1899','31-dic-1899'),(51661,8419,'TC','1009',1,6619,201211,'A-A4-','Miercoles','31-dic-1899','31-dic-1899'),(51662,8421,'TC','1013',1,6619,201211,'A-A3-','Miercoles','31-dic-1899','31-dic-1899'),(51663,8421,'TC','1013',1,6619,201211,'A-A3-','Viernes','31-dic-1899','31-dic-1899'),(51664,8422,'TC','1014',1,6619,201211,'A-A3-','Martes','31-dic-1899','31-dic-1899'),(51665,8422,'TC','1014',1,6619,201211,'A-A3-','Jueves','31-dic-1899','31-dic-1899'),(51666,8423,'TC','1014',1,6619,201211,'A-A3-','Martes','31-dic-1899','31-dic-1899'),(51667,8423,'TC','1014',1,6619,201211,'A-A3-','Jueves','31-dic-1899','31-dic-1899'),(51668,25070,'TC','1014',1,6619,201211,'A-A3-','Lunes','31-dic-1899','31-dic-1899'),(51669,25070,'TC','1014',1,6619,201211,'A-A3-','Miercoles','31-dic-1899','31-dic-1899'),(51670,8425,'TC','1014',1,6619,201211,'A-A4-','Miercoles','31-dic-1899','31-dic-1899'),(51671,8425,'TC','1014',1,6619,201211,'A-A4-','Viernes','31-dic-1899','31-dic-1899'),(51672,8426,'TC','1014',1,6619,201211,'A-A4-','Miercoles','31-dic-1899','31-dic-1899'),(51673,8426,'TC','1014',1,6619,201211,'A-A4-','Viernes','31-dic-1899','31-dic-1899'),(51674,8428,'TC','1015',1,6619,201211,'A-A2-','Lunes','31-dic-1899','31-dic-1899'),(51675,8428,'TC','1015',1,6619,201211,'A-A2-','Viernes','31-dic-1899','31-dic-1899'),(51676,8429,'TC','1015',1,6619,201211,'A-A2-','Martes','31-dic-1899','31-dic-1899'),(51677,8429,'TC','1015',1,6619,201211,'A-A2-','Jueves','31-dic-1899','31-dic-1899'),(51678,8430,'TC','1015',1,6619,201211,'A-A2-','Martes','31-dic-1899','31-dic-1899'),(51679,8430,'TC','1015',1,6619,201211,'A-A2-','Jueves','31-dic-1899','31-dic-1899'),(51680,8431,'TC','1015',1,6619,201211,'A-A2-','Miercoles','31-dic-1899','31-dic-1899'),(51681,8431,'TC','1015',1,6619,201211,'A-A2-','Viernes','31-dic-1899','31-dic-1899'),(51682,8432,'TC','1015',1,6619,201211,'A-A2-','Lunes','31-dic-1899','31-dic-1899'),(51683,8432,'TC','1015',1,6619,201211,'A-A2-','Miercoles','31-dic-1899','31-dic-1899'),(51684,8434,'TC','1016',1,6619,201211,'A-A4-','Martes','31-dic-1899','31-dic-1899'),(51685,8434,'TC','1016',1,6619,201211,'A-A4-','Jueves','31-dic-1899','31-dic-1899'),(51686,8434,'TC','1016',1,6619,201211,'A-A4-','Lunes','31-dic-1899','31-dic-1899'),(51687,8436,'TC','1016',1,6619,201211,'A-A7-','Martes','31-dic-1899','31-dic-1899'),(51688,8436,'TC','1016',1,6619,201211,'A-A7-','Jueves','31-dic-1899','31-dic-1899'),(51689,8436,'TC','1016',1,6619,201211,'A-A7-','Lunes','31-dic-1899','31-dic-1899'),(51690,8437,'TC','1016',1,6619,201211,'A-A7-','Martes','31-dic-1899','31-dic-1899'),(51691,8437,'TC','1016',1,6619,201211,'A-A7-','Jueves','31-dic-1899','31-dic-1899'),(51692,8437,'TC','1016',1,6619,201211,'A-A7-','Lunes','31-dic-1899','31-dic-1899'),(51693,8438,'TC','1017',1,6619,201211,'A-A4-','Martes','31-dic-1899','31-dic-1899'),(51694,8438,'TC','1017',1,6619,201211,'A-A4-','Jueves','31-dic-1899','31-dic-1899'),(51695,8439,'TC','1017',1,6619,201211,'A-A4-','Martes','31-dic-1899','31-dic-1899'),(51696,8439,'TC','1017',1,6619,201211,'A-A4-','Jueves','31-dic-1899','31-dic-1899'),(51697,8440,'TC','1017',1,6619,201211,'A-A4-','Martes','31-dic-1899','31-dic-1899'),(51698,8440,'TC','1017',1,6619,201211,'A-A4-','Jueves','31-dic-1899','31-dic-1899'),(51699,8441,'TC','1017',1,6619,201211,'A-A3-','Martes','31-dic-1899','31-dic-1899'),(51700,8441,'TC','1017',1,6619,201211,'A-A3-','Jueves','31-dic-1899','31-dic-1899'),(51701,8442,'TC','1017',1,6619,201211,'A-A3-','Miercoles','31-dic-1899','31-dic-1899'),(51702,8442,'TC','1017',1,6619,201211,'A-A3-','Viernes','31-dic-1899','31-dic-1899'),(51703,8443,'TC','1017',1,6619,201211,'A-A7-','Martes','31-dic-1899','31-dic-1899'),(51704,8443,'TC','1017',1,6619,201211,'A-A7-','Jueves','31-dic-1899','31-dic-1899'),(51705,8444,'TC','1017',1,6619,201211,'A-A4-','Martes','31-dic-1899','31-dic-1899'),(51706,8444,'TC','1017',1,6619,201211,'A-A4-','Jueves','31-dic-1899','31-dic-1899'),(51707,8445,'TC','1017',1,6619,201211,'A-A3-','Martes','31-dic-1899','31-dic-1899'),(51708,8445,'TC','1017',1,6619,201211,'A-A3-','Jueves','31-dic-1899','31-dic-1899'),(51709,8446,'TC','1017',1,6619,201211,'A-A3-','Lunes','31-dic-1899','31-dic-1899'),(51710,8446,'TC','1017',1,6619,201211,'A-A3-','Miercoles','31-dic-1899','31-dic-1899'),(51711,8446,'TC','1017',1,6619,201211,'A-A3-','Viernes','31-dic-1899','31-dic-1899'),(51712,8447,'TC','1017',1,6619,201211,'A-A3-','Lunes','31-dic-1899','31-dic-1899'),(51713,8447,'TC','1017',1,6619,201211,'A-A3-','Viernes','31-dic-1899','31-dic-1899'),(51714,8448,'TC','1017',1,6619,201211,'A-A4-','Miercoles','31-dic-1899','31-dic-1899'),(51715,8448,'TC','1017',1,6619,201211,'A-A4-','Viernes','31-dic-1899','31-dic-1899'),(51716,8450,'TC','1017',1,6619,201211,'A-A3-','Martes','31-dic-1899','31-dic-1899'),(51717,8450,'TC','1017',1,6619,201211,'A-A3-','Jueves','31-dic-1899','31-dic-1899'),(51718,8452,'TC','1017',1,6619,201211,'A-A3-','Miercoles','31-dic-1899','31-dic-1899'),(51719,8452,'TC','1017',1,6619,201211,'A-A3-','Viernes','31-dic-1899','31-dic-1899'),(51720,8454,'TC','1017',1,6619,201211,'A-A3-','Lunes','31-dic-1899','31-dic-1899'),(51721,8454,'TC','1017',1,6619,201211,'A-A3-','Miercoles','31-dic-1899','31-dic-1899'),(51722,8454,'TC','1017',1,6619,201211,'A-A3-','Viernes','31-dic-1899','31-dic-1899'),(51723,8455,'TC','1017',1,6619,201211,'A-A4-','Lunes','31-dic-1899','31-dic-1899'),(51724,8455,'TC','1017',1,6619,201211,'A-A4-','Viernes','31-dic-1899','31-dic-1899'),(51725,8456,'TC','1017',1,6619,201211,'A-A3-','Lunes','31-dic-1899','31-dic-1899'),(51726,8456,'TC','1017',1,6619,201211,'A-A3-','Viernes','31-dic-1899','31-dic-1899'),(51727,28350,'TC','1017',1,6619,201211,'A-A4-','Miercoles','31-dic-1899','31-dic-1899'),(51728,28350,'TC','1017',1,6619,201211,'A-A4-','Viernes','31-dic-1899','31-dic-1899'),(51729,28624,'TC','1017',1,6619,201211,'A-A3-','Martes','31-dic-1899','31-dic-1899'),(51730,28624,'TC','1017',1,6619,201211,'A-A3-','Jueves','31-dic-1899','31-dic-1899'),(51731,28997,'TC','1017',1,6619,201211,'A-A7-','Lunes','31-dic-1899','31-dic-1899'),(51732,28997,'TC','1017',1,6619,201211,'A-A7-','Miercoles','31-dic-1899','31-dic-1899'),(51733,27856,'TC','1019',1,6619,201211,'A-A3-','Martes','31-dic-1899','31-dic-1899'),(51734,27856,'TC','1019',1,6619,201211,'A-A3-','Jueves','31-dic-1899','31-dic-1899'),(51735,8458,'TC','1022',1,1,201211,'A-A4-','Lunes','31-dic-1899','31-dic-1899'),(51736,8458,'TC','1022',1,1,201211,'A-A4-','Viernes','31-dic-1899','31-dic-1899'),(51737,8460,'TC','2001',1,6619,201211,'A-A3-','Martes','31-dic-1899','31-dic-1899'),(51738,8460,'TC','2001',1,6619,201211,'A-A3-','Jueves','31-dic-1899','31-dic-1899'),(51739,8463,'TC','2002',1,6619,201211,'A-A3-','Martes','31-dic-1899','31-dic-1899'),(51740,8463,'TC','2002',1,6619,201211,'A-A3-','Jueves','31-dic-1899','31-dic-1899'),(51741,8464,'TC','2002',1,6619,201211,'A-A4-','Lunes','31-dic-1899','31-dic-1899'),(51742,8464,'TC','2002',1,6619,201211,'A-A4-','Miercoles','31-dic-1899','31-dic-1899'),(51743,8465,'TC','2002',1,6619,201211,'A-A3-','Miercoles','31-dic-1899','31-dic-1899'),(51744,8465,'TC','2002',1,6619,201211,'A-A3-','Viernes','31-dic-1899','31-dic-1899'),(51745,8466,'TC','2003',1,6619,201211,'A-A3-','Lunes','31-dic-1899','31-dic-1899'),(51746,8466,'TC','2003',1,6619,201211,'A-A3-','Miercoles','31-dic-1899','31-dic-1899'),(51747,8469,'TC','2004',1,6619,201211,'A-A3-','Martes','31-dic-1899','31-dic-1899'),(51748,8469,'TC','2004',1,6619,201211,'A-A3-','Jueves','31-dic-1899','31-dic-1899'),(51749,8470,'TC','2005',1,6619,201211,'A-A3-','Viernes','31-dic-1899','31-dic-1899'),(51750,8470,'TC','2005',1,6619,201211,'A-A3-','Martes','31-dic-1899','31-dic-1899'),(51751,8470,'TC','2005',1,6619,201211,'A-A3-','Jueves','31-dic-1899','31-dic-1899'),(51752,8471,'TC','2005',1,6619,201211,'A-A3-','Viernes','31-dic-1899','31-dic-1899'),(51753,8471,'TC','2005',1,6619,201211,'A-A3-','Martes','31-dic-1899','31-dic-1899'),(51754,8471,'TC','2005',1,6619,201211,'A-A3-','Jueves','31-dic-1899','31-dic-1899'),(51755,8472,'TC','2006',1,6619,201211,'A-A3-','Martes','31-dic-1899','31-dic-1899'),(51756,8472,'TC','2006',1,6619,201211,'A-A3-','Jueves','31-dic-1899','31-dic-1899'),(51757,27200,'TC','2006',1,6619,201211,'A-A3-','Martes','31-dic-1899','31-dic-1899'),(51758,27200,'TC','2006',1,6619,201211,'A-A3-','Jueves','31-dic-1899','31-dic-1899'),(51759,8474,'TC','2007',1,6617,201211,'A-A4-','Miercoles','31-dic-1899','31-dic-1899'),(51760,8474,'TC','2007',1,6617,201211,'A-A4-','Viernes','31-dic-1899','31-dic-1899'),(51761,8475,'TC','2007',1,6617,201211,'A-A3-','Lunes','31-dic-1899','31-dic-1899'),(51762,8475,'TC','2007',1,6617,201211,'A-A3-','Miercoles','31-dic-1899','31-dic-1899'),(51763,8476,'TC','2008',1,4,201211,'A-A3-','Lunes','31-dic-1899','31-dic-1899'),(51764,8476,'TC','2008',1,4,201211,'A-A3-','Martes','31-dic-1899','31-dic-1899'),(51765,8476,'TC','2008',1,4,201211,'A-A3-','Jueves','31-dic-1899','31-dic-1899'),(51766,8476,'TC','2008',1,6619,201211,'A-A3-','Lunes','31-dic-1899','31-dic-1899'),(51767,8476,'TC','2008',1,6619,201211,'A-A3-','Martes','31-dic-1899','31-dic-1899'),(51768,8476,'TC','2008',1,6619,201211,'A-A3-','Jueves','31-dic-1899','31-dic-1899'),(51769,8477,'TC','2008',1,4,201211,'A-A3-','Miercoles','31-dic-1899','31-dic-1899'),(51770,8477,'TC','2008',1,4,201211,'A-A3-','Martes','31-dic-1899','31-dic-1899'),(51771,8477,'TC','2008',1,4,201211,'A-A3-','Jueves','31-dic-1899','31-dic-1899'),(51772,8477,'TC','2008',1,6619,201211,'A-A3-','Miercoles','31-dic-1899','31-dic-1899'),(51773,8477,'TC','2008',1,6619,201211,'A-A3-','Martes','31-dic-1899','31-dic-1899'),(51774,8477,'TC','2008',1,6619,201211,'A-A3-','Jueves','31-dic-1899','31-dic-1899'),(51775,8480,'TC','2009',1,6617,201211,'A-A3-','Martes','31-dic-1899','31-dic-1899'),(51776,8480,'TC','2009',1,6617,201211,'A-A3-','Jueves','31-dic-1899','31-dic-1899'),(51777,8481,'TC','2010',1,6619,201211,'A-A3-','Miercoles','31-dic-1899','31-dic-1899'),(51778,8481,'TC','2010',1,6619,201211,'A-A3-','Viernes','31-dic-1899','31-dic-1899'),(51779,28998,'TC','2011',1,6619,201211,'A-CB-','Martes','31-dic-1899','31-dic-1899'),(51780,28998,'TC','2011',1,6619,201211,'A-CB-','Jueves','31-dic-1899','31-dic-1899'),(51781,8483,'TC','2012',1,6619,201211,'A-A3-','Martes','31-dic-1899','31-dic-1899'),(51782,8483,'TC','2012',1,6619,201211,'A-A3-','Jueves','31-dic-1899','31-dic-1899'),(51783,27201,'TC','2012',1,6619,201211,'A-A3-','Martes','31-dic-1899','31-dic-1899'),(51784,27201,'TC','2012',1,6619,201211,'A-A3-','Jueves','31-dic-1899','31-dic-1899'),(51785,8484,'TC','2013',1,6619,201211,'A-A4-','Lunes','31-dic-1899','31-dic-1899'),(51786,8484,'TC','2013',1,6619,201211,'A-A4-','Miercoles','31-dic-1899','31-dic-1899'),(51787,8486,'TC','2014',1,6619,201211,'A-A3-','Miercoles','31-dic-1899','31-dic-1899'),(51788,8486,'TC','2014',1,6619,201211,'A-A3-','Viernes','31-dic-1899','31-dic-1899'),(51789,8487,'TC','2015',1,6619,201211,'A-A3-','Lunes','31-dic-1899','31-dic-1899'),(51790,8487,'TC','2015',1,6619,201211,'A-A3-','Miercoles','31-dic-1899','31-dic-1899'),(51791,8488,'TC','2016',1,6619,201211,'A-A3-','Miercoles','31-dic-1899','31-dic-1899'),(51792,8488,'TC','2016',1,6619,201211,'A-A3-','Viernes','31-dic-1899','31-dic-1899'),(51793,8489,'TC','2016',1,6619,201211,'A-A3-','Miercoles','31-dic-1899','31-dic-1899'),(51794,8489,'TC','2016',1,6619,201211,'A-A3-','Viernes','31-dic-1899','31-dic-1899'),(51795,8490,'TC','2016',1,6619,201211,'A-A3-','Martes','31-dic-1899','31-dic-1899'),(51796,8490,'TC','2016',1,6619,201211,'A-A3-','Jueves','31-dic-1899','31-dic-1899'),(51797,8492,'TC','2016',1,6619,201211,'A-A3-','Martes','31-dic-1899','31-dic-1899'),(51798,8492,'TC','2016',1,6619,201211,'A-A3-','Jueves','31-dic-1899','31-dic-1899'),(51799,8493,'TC','2016',1,6619,201211,'A-A3-','Martes','31-dic-1899','31-dic-1899'),(51800,8493,'TC','2016',1,6619,201211,'A-A3-','Jueves','31-dic-1899','31-dic-1899'),(51801,8494,'TC','2016',1,6619,201211,'A-A3-','Martes','31-dic-1899','31-dic-1899'),(51802,8494,'TC','2016',1,6619,201211,'A-A3-','Jueves','31-dic-1899','31-dic-1899'),(51803,8495,'TC','2016',1,6619,201211,'A-A4-','Martes','31-dic-1899','31-dic-1899'),(51804,8495,'TC','2016',1,6619,201211,'A-A4-','Jueves','31-dic-1899','31-dic-1899'),(51805,8499,'TC','3001',1,6619,201211,'A-A4-','Martes','31-dic-1899','31-dic-1899'),(51806,8499,'TC','3001',1,6619,201211,'A-A4-','Jueves','31-dic-1899','31-dic-1899'),(51807,8500,'TC','3002',1,6619,201211,'A-A3-','Lunes','31-dic-1899','31-dic-1899'),(51808,8500,'TC','3002',1,6619,201211,'A-A3-','Miercoles','31-dic-1899','31-dic-1899'),(51809,8501,'TC','3003',1,6619,201211,'A-A3-','Lunes','31-dic-1899','31-dic-1899'),(51810,8501,'TC','3003',1,6619,201211,'A-A3-','Miercoles','31-dic-1899','31-dic-1899'),(51811,8502,'TC','3003',1,6619,201211,'A-A3-','Lunes','31-dic-1899','31-dic-1899'),(51812,8502,'TC','3003',1,6619,201211,'A-A3-','Miercoles','31-dic-1899','31-dic-1899'),(51813,8505,'TC','3006',1,6619,201211,'A-A3-','Miercoles','31-dic-1899','31-dic-1899'),(51814,8505,'TC','3006',1,6619,201211,'A-A3-','Viernes','31-dic-1899','31-dic-1899'),(51815,27857,'TC','3007',1,6619,201211,'A-A2-','Lunes','31-dic-1899','31-dic-1899'),(51816,27857,'TC','3007',1,6619,201211,'A-A2-','Viernes','31-dic-1899','31-dic-1899'),(51817,27857,'TC','3007',1,6619,201211,'A-A2-','Lunes','31-dic-1899','31-dic-1899'),(51818,27857,'TC','3007',1,6619,201211,'A-A2-','Viernes','31-dic-1899','31-dic-1899'),(51819,8510,'TC','3010',1,6619,201211,'A-A3-','Martes','31-dic-1899','31-dic-1899'),(51820,8510,'TC','3010',1,6619,201211,'A-A3-','Jueves','31-dic-1899','31-dic-1899'),(51821,8512,'TC','3012',1,6619,201211,'A-A3-','Martes','31-dic-1899','31-dic-1899'),(51822,8512,'TC','3012',1,6619,201211,'A-A3-','Jueves','31-dic-1899','31-dic-1899'),(51823,8516,'TC','3018',1,6619,201211,'A-A3-','Miercoles','31-dic-1899','31-dic-1899'),(51824,8516,'TC','3018',1,6619,201211,'A-A3-','Viernes','31-dic-1899','31-dic-1899'),(51825,8517,'TC','3019',1,6619,201211,'A-A3-','Martes','31-dic-1899','31-dic-1899'),(51826,8517,'TC','3019',1,6619,201211,'A-A3-','Jueves','31-dic-1899','31-dic-1899'),(51827,8518,'TC','3020',1,6619,201211,'A-A3-','Martes','31-dic-1899','31-dic-1899'),(51828,8518,'TC','3020',1,6619,201211,'A-A3-','Jueves','31-dic-1899','31-dic-1899'),(51829,8519,'TC','3021',1,6619,201211,'A-A3-','Lunes','31-dic-1899','31-dic-1899'),(51830,8519,'TC','3021',1,6619,201211,'A-A3-','Miercoles','31-dic-1899','31-dic-1899'),(51831,8520,'TC','3021',1,6619,201211,'A-A2-','Lunes','31-dic-1899','31-dic-1899'),(51832,8520,'TC','3021',1,6619,201211,'A-A2-','Viernes','31-dic-1899','31-dic-1899'),(51833,8521,'TC','3022',1,6619,201211,'A-A3-','Martes','31-dic-1899','31-dic-1899'),(51834,8521,'TC','3022',1,6619,201211,'A-A3-','Jueves','31-dic-1899','31-dic-1899'),(51835,8525,'TC','3028',1,6619,201211,'A-A3-','Martes','31-dic-1899','31-dic-1899'),(51836,8525,'TC','3028',1,6619,201211,'A-A3-','Jueves','31-dic-1899','31-dic-1899'),(51837,8526,'TC','3028',1,6619,201211,'A-A3-','Lunes','31-dic-1899','31-dic-1899'),(51838,8526,'TC','3028',1,6619,201211,'A-A3-','Miercoles','31-dic-1899','31-dic-1899'),(51839,25073,'TC','3030',1,1,201211,'A-A3-','Martes','31-dic-1899','31-dic-1899'),(51840,25073,'TC','3030',1,1,201211,'A-A3-','Jueves','31-dic-1899','31-dic-1899'),(51841,8528,'TC','3032',1,6618,201211,'A-A3-','Lunes','31-dic-1899','31-dic-1899'),(51842,8528,'TC','3032',1,6618,201211,'A-A3-','Miercoles','31-dic-1899','31-dic-1899'),(51843,8529,'TC','3037',1,6619,201211,'A-A3-','Lunes','31-dic-1899','31-dic-1899'),(51844,8529,'TC','3037',1,6619,201211,'A-A3-','Miercoles','31-dic-1899','31-dic-1899'),(51845,8530,'TC','3037',1,6619,201211,'A-A3-','Lunes','31-dic-1899','31-dic-1899'),(51846,8530,'TC','3037',1,6619,201211,'A-A3-','Miercoles','31-dic-1899','31-dic-1899'),(51847,8531,'TC','3040',1,1,201211,'A-A3-','Martes','31-dic-1899','31-dic-1899'),(51848,8531,'TC','3040',1,1,201211,'A-A3-','Jueves','31-dic-1899','31-dic-1899'),(51849,8531,'TC','3040',1,1,201211,'A-A3-','Martes','31-dic-1899','31-dic-1899'),(51850,8531,'TC','3040',1,1,201211,'A-A3-','Jueves','31-dic-1899','31-dic-1899'),(51851,8532,'TC','3041',1,6619,201211,'A-A3-','Martes','31-dic-1899','31-dic-1899'),(51852,8532,'TC','3041',1,6619,201211,'A-A3-','Jueves','31-dic-1899','31-dic-1899'),(51853,8533,'TC','3041',1,6619,201211,'A-A3-','Martes','31-dic-1899','31-dic-1899'),(51854,8533,'TC','3041',1,6619,201211,'A-A3-','Jueves','31-dic-1899','31-dic-1899'),(51855,8534,'TC','3043',1,6619,201211,'A-A4-','Lunes','31-dic-1899','31-dic-1899'),(51856,8534,'TC','3043',1,6619,201211,'A-A4-','Miercoles','31-dic-1899','31-dic-1899'),(51857,8535,'TC','3056',1,6619,201211,'A-OFNA','Lunes','31-dic-1899','31-dic-1899'),(51858,8535,'TC','3056',1,6619,201211,'A-OFNA','Miercoles','31-dic-1899','31-dic-1899'),(51859,8536,'TC','3057',1,6619,201211,'A-A2-','Lunes','31-dic-1899','31-dic-1899'),(51860,8536,'TC','3057',1,6619,201211,'A-A2-','Miercoles','31-dic-1899','31-dic-1899'),(51861,8536,'TC','3057',1,6619,201211,'A-A2-','Viernes','31-dic-1899','31-dic-1899'),(51862,8538,'TC','4001',1,3,201211,'A-A4-','Lunes','31-dic-1899','31-dic-1899'),(51863,8539,'TC','4002',1,6619,201211,'A-A3-','Lunes','31-dic-1899','31-dic-1899'),(51864,8545,'TC','4011',1,6619,201211,'A-A4-','Martes','31-dic-1899','31-dic-1899'),(51865,8546,'TC','4012',1,6619,201211,'A-A3-','Miercoles','31-dic-1899','31-dic-1899'),(51866,8619,'TE','3011',1,6619,201211,'A-A3-','Viernes','31-dic-1899','31-dic-1899'),(51867,8685,'TI','1010',1,6619,201211,'A-A2-','Lunes','31-dic-1899','31-dic-1899'),(51868,8685,'TI','1010',1,6619,201211,'A-A2-','Miercoles','31-dic-1899','31-dic-1899'),(51869,8686,'TI','1010',1,6619,201211,'A-A4-','Martes','31-dic-1899','31-dic-1899'),(51870,8686,'TI','1010',1,6619,201211,'A-A4-','Jueves','31-dic-1899','31-dic-1899'),(51871,8715,'TI','2006',1,6619,201211,'A-A3-','Lunes','31-dic-1899','31-dic-1899'),(51872,8715,'TI','2006',1,6619,201211,'A-A3-','Viernes','31-dic-1899','31-dic-1899'),(51873,8715,'TI','2006',1,6619,201211,'A-A3-','Lunes','31-dic-1899','31-dic-1899'),(51874,8715,'TI','2006',1,6619,201211,'A-A3-','Viernes','31-dic-1899','31-dic-1899'),(51875,8917,'WA00','200',1,6619,201211,'A-A3-','Lunes','31-dic-1899','31-dic-1899'),(51876,8917,'WA00','200',1,6619,201211,'A-A3-','Miercoles','31-dic-1899','31-dic-1899'),(51877,8918,'WA00','400',1,6619,201211,'A-A3-','Martes','31-dic-1899','31-dic-1899'),(51878,8918,'WA00','400',1,6619,201211,'A-A3-','Jueves','31-dic-1899','31-dic-1899'),(51879,8919,'WA00','600',1,6619,201211,'A-A3-','Miercoles','31-dic-1899','31-dic-1899'),(51880,8919,'WA00','600',1,6619,201211,'A-A3-','Viernes','31-dic-1899','31-dic-1899'),(51881,8940,'WA01','102',1,6619,201211,'A-A4-','Viernes','31-dic-1899','31-dic-1899'),(51882,8941,'WA01','102',1,6619,201211,'A-A4-','Viernes','31-dic-1899','31-dic-1899'),(51883,8942,'WA01','102',1,6619,201211,'A-A4-','Viernes','31-dic-1899','31-dic-1899'),(51884,8943,'WA01','102',1,6619,201211,'A-A4-','Viernes','31-dic-1899','31-dic-1899'),(51885,8944,'WA01','102',1,1,201211,'A-A4-','Viernes','31-dic-1899','31-dic-1899'),(51886,8945,'WA01','102',1,6619,201211,'A-A4-','Viernes','31-dic-1899','31-dic-1899'),(51887,8946,'WA01','102',1,6619,201211,'A-A3-','Sabado','31-dic-1899','31-dic-1899'),(51888,28341,'WA01','102',1,6619,201211,'A-A4-','Viernes','31-dic-1899','31-dic-1899');
/*!40000 ALTER TABLE `horarios` ENABLE KEYS */;
UNLOCK TABLES;

--
-- Temporary table structure for view `vhorariosprofesores`
--

DROP TABLE IF EXISTS `vhorariosprofesores`;
/*!50001 DROP VIEW IF EXISTS `vhorariosprofesores`*/;
SET @saved_cs_client     = @@character_set_client;
SET character_set_client = utf8;
/*!50001 CREATE TABLE `vhorariosprofesores` (
  `idUsuario` varchar(9),
  `nombreUsuario` varchar(45),
  `apellidoUsuario` varchar(45),
  `CRN` int(11),
  `horasClase` varchar(4),
  `horasLaboratorio` varchar(4),
  `unidades` varchar(2),
  `porcentajeClase` varchar(6),
  `numeroProfesores` smallint(6),
  `claseExclusiva` smallint(6),
  `alumnosInscritos` int(11),
  `materia` varchar(5),
  `curso` varchar(5),
  `nombreMateria` varchar(100),
  `idPeriodo` int(11),
  `anio` varchar(4),
  `periodo` varchar(20),
  `salon` varchar(10),
  `diaSemana` varchar(20),
  `horaInicio` varchar(20),
  `horaFin` varchar(20)
) ENGINE=MyISAM */;
SET character_set_client = @saved_cs_client;

--
-- Table structure for table `telefono`
--

DROP TABLE IF EXISTS `telefono`;
/*!40101 SET @saved_cs_client     = @@character_set_client */;
/*!40101 SET character_set_client = utf8 */;
CREATE TABLE `telefono` (
  `idTelefono` int(11) NOT NULL AUTO_INCREMENT,
  `indexUsuario` int(11) NOT NULL DEFAULT '0',
  `idDepartamento` int(11) NOT NULL DEFAULT '0',
  `telefono` varchar(20) COLLATE utf8_spanish_ci NOT NULL,
  `extension` varchar(10) COLLATE utf8_spanish_ci DEFAULT NULL,
  PRIMARY KEY (`idTelefono`,`indexUsuario`,`idDepartamento`),
  KEY `TelefonoUsuario` (`indexUsuario`,`idDepartamento`),
  CONSTRAINT `TelefonoUsuario` FOREIGN KEY (`indexUsuario`, `idDepartamento`) REFERENCES `usuario` (`indexUsuario`, `idDepartamento`) ON DELETE CASCADE ON UPDATE CASCADE
) ENGINE=InnoDB AUTO_INCREMENT=3 DEFAULT CHARSET=utf8 COLLATE=utf8_spanish_ci;
/*!40101 SET character_set_client = @saved_cs_client */;

--
-- Dumping data for table `telefono`
--

LOCK TABLES `telefono` WRITE;
/*!40000 ALTER TABLE `telefono` DISABLE KEYS */;
INSERT INTO `telefono` VALUES (1,1,1,'83284488',NULL),(2,1,1,'83582000','4592');
/*!40000 ALTER TABLE `telefono` ENABLE KEYS */;
UNLOCK TABLES;

--
-- Table structure for table `carrera`
--

DROP TABLE IF EXISTS `carrera`;
/*!40101 SET @saved_cs_client     = @@character_set_client */;
/*!40101 SET character_set_client = utf8 */;
CREATE TABLE `carrera` (
  `idCarrera` int(11) NOT NULL AUTO_INCREMENT,
  `nombreCarrera` varchar(100) COLLATE utf8_spanish_ci NOT NULL,
  `siglasCarrera` varchar(5) COLLATE utf8_spanish_ci NOT NULL,
  PRIMARY KEY (`idCarrera`)
) ENGINE=InnoDB AUTO_INCREMENT=874 DEFAULT CHARSET=utf8 COLLATE=utf8_spanish_ci;
/*!40101 SET character_set_client = @saved_cs_client */;

--
-- Dumping data for table `carrera`
--

LOCK TABLES `carrera` WRITE;
/*!40000 ALTER TABLE `carrera` DISABLE KEYS */;
INSERT INTO `carrera` VALUES (1,'Ingeniero en Tecnologias de la Computacion','ITC'),(2,'Ingeniero en Tecnologias de la Informacion y la Comunicacion','ITIC'),(3,'','ARQ'),(4,'','ARQ'),(5,'','ARQ'),(6,'','ARQ'),(7,'','ARQ'),(8,'','ARQ'),(9,'','ARQ'),(10,'','ARQ'),(11,'','ARQ'),(12,'','ARQ'),(13,'','ARQ'),(14,'','ARQ'),(15,'','ARQ'),(16,'','ARQ'),(17,'','ARQ'),(18,'','ARQ'),(19,'','ARQ'),(20,'','ARQ'),(21,'','ARQ'),(22,'','ARQ'),(23,'','ARQ'),(24,'','ARQ'),(25,'','ARQ'),(26,'','ARQ'),(27,'','ARQ'),(28,'','ARQ'),(29,'','ARQ'),(30,'','ARQ'),(31,'','ARQ'),(32,'','ARQ'),(33,'','ARQ'),(34,'','ARQ'),(35,'','ARQ'),(36,'','ARQ'),(37,'','ARQ'),(38,'','ARQ'),(39,'','ARQ'),(40,'','ARQ'),(41,'','ARQ'),(42,'','ARQ'),(43,'','ARQ'),(44,'','ARQ'),(45,'','ARQ'),(46,'','ARQ'),(47,'','ARQ'),(48,'','ARQ'),(49,'','ARQ'),(50,'','ARQ'),(51,'','ARQ'),(52,'','ARQ'),(53,'','ARQ'),(54,'','ARQ'),(55,'','ARQ'),(56,'','ARQ'),(57,'','ARQ'),(58,'','ARQ'),(59,'','ARQ'),(60,'','ARQ'),(61,'','ARQ'),(62,'','ARQ'),(63,'','ARQ'),(64,'','ARQ'),(65,'','ARQ'),(66,'','ARQ'),(67,'','ARQ'),(68,'','ARQ'),(69,'','ARQ'),(70,'','ARQ'),(71,'','ARQ'),(72,'','ARQ'),(73,'','ARQ'),(74,'','ARQ'),(75,'','ARQ'),(76,'','ARQ'),(77,'','ARQ'),(78,'','ARQ'),(79,'','ARQ'),(80,'','ARQ'),(81,'','ARQ'),(82,'','ARQ'),(83,'','ARQ'),(84,'','ARQ'),(85,'','ARQ'),(86,'','ARQ'),(87,'','ARQ'),(88,'','ARQ'),(89,'','ARQ'),(90,'','ARQ'),(91,'','ARQ'),(92,'','ARQ'),(93,'','ARQ'),(94,'','ARQ'),(95,'','ARQ'),(96,'','ARQ'),(97,'','ARQ'),(98,'','ARQ'),(99,'','ARQ'),(100,'','ARQ'),(101,'','ARQ'),(102,'','ARQ'),(103,'','ARQ'),(104,'','ARQ'),(105,'','ARQ'),(106,'','ARQ'),(107,'','ARQ'),(108,'','ARQ'),(109,'','ARQ'),(110,'','ARQ'),(111,'','ARQ'),(112,'','ARQ'),(113,'','ARQ'),(114,'','ARQ'),(115,'','ARQ'),(116,'','ARQ'),(117,'','ARQ'),(118,'','ARQ'),(119,'','ARQ'),(120,'','ARQ'),(121,'','ARQ'),(122,'','ARQ'),(123,'','ARQ'),(124,'','ARQ'),(125,'','ARQ'),(126,'','ARQ'),(127,'','ARQ'),(128,'','ARQ'),(129,'','ARQ'),(130,'','ARQ'),(131,'','ARQ'),(132,'','ARQ'),(133,'','ARQ'),(134,'','ARQ'),(135,'','ARQ'),(136,'','ARQ'),(137,'','ARQ'),(138,'','ARQ'),(139,'','ARQ'),(140,'','ARQ'),(141,'','ARQ'),(142,'','ARQ'),(143,'','ARQ'),(144,'','ARQ'),(145,'','ARQ'),(146,'','ARQ'),(147,'','ARQ'),(148,'','ARQ'),(149,'','ARQ'),(150,'','ARQ'),(151,'','ARQ'),(152,'','ARQ'),(153,'','ARQ'),(154,'','ARQ'),(155,'','ARQ'),(156,'','ARQ'),(157,'','ARQ'),(158,'','ARQ'),(159,'','ARQ'),(160,'','ARQ'),(161,'','ARQ'),(162,'','ARQ'),(163,'','ARQ'),(164,'','ARQ'),(165,'','ARQ'),(166,'','ARQ'),(167,'','ARQ'),(168,'','ARQ'),(169,'','ARQ'),(170,'','ARQ'),(171,'','ARQ'),(172,'','ARQ'),(173,'','ARQ'),(174,'','ARQ'),(175,'','ARQ'),(176,'','ARQ'),(177,'','ARQ'),(178,'','ARQ'),(179,'','ARQ'),(180,'','ARQ'),(181,'','ARQ'),(182,'','ARQ'),(183,'','ARQ'),(184,'','ARQ'),(185,'','ARQ'),(186,'','ARQ'),(187,'','ARQ'),(188,'','ARQ'),(189,'','ARQ'),(190,'','ARQ'),(191,'','ARQ'),(192,'','ARQ'),(193,'','ARQ'),(194,'','ARQ'),(195,'','ARQ'),(196,'','ARQ'),(197,'','ARQ'),(198,'','ARQ'),(199,'','ARQ'),(200,'','ARQ'),(201,'','ARQ'),(202,'','ARQ'),(203,'','ARQ'),(204,'','ARQ'),(205,'','ARQ'),(206,'','ARQ'),(207,'','ARQ'),(208,'','ARQ'),(209,'','ARQ'),(210,'','ARQ'),(211,'','ARQ'),(212,'','ARQ'),(213,'','ARQ'),(214,'','ARQ'),(215,'','ARQ'),(216,'','ARQ'),(217,'','ARQ'),(218,'','ARQ'),(219,'','ARQ'),(220,'','ARQ'),(221,'','ARQ'),(222,'','ARQ'),(223,'','ARQ'),(224,'','ARQ'),(225,'','ARQ'),(226,'','ARQ'),(227,'','ARQ'),(228,'','ARQ'),(229,'','ARQ'),(230,'','ARQ'),(231,'','ARQ'),(232,'','ARQ'),(233,'','ARQ'),(234,'','ARQ'),(235,'','ARQ'),(236,'','ARQ'),(237,'','ARQ'),(238,'','ARQ'),(239,'','ARQ'),(240,'','ARQ'),(241,'','ARQ'),(242,'','ARQ'),(243,'','ARQ'),(244,'','ARQ'),(245,'','ARQ'),(246,'','ARQ'),(247,'','ARQ'),(248,'','ARQ'),(249,'','ARQ'),(250,'','ARQ'),(251,'','ARQ'),(252,'','ARQ'),(253,'','ARQ'),(254,'','ARQ'),(255,'','ARQ'),(256,'','ARQ'),(257,'','ARQ'),(258,'','ARQ'),(259,'','ARQ'),(260,'','ARQ'),(261,'','ARQ'),(262,'','ARQ'),(263,'','ARQ'),(264,'','ARQ'),(265,'','ARQ'),(266,'','ARQ'),(267,'','ARQ'),(268,'','ARQ'),(269,'','ARQ'),(270,'','ARQ'),(271,'','ARQ'),(272,'','ARQ'),(273,'','ARQ'),(274,'','ARQ'),(275,'','ARQ'),(276,'','ARQ'),(277,'','ARQ'),(278,'','ARQ'),(279,'','ARQ'),(280,'','ARQ'),(281,'','ARQ'),(282,'','ARQ'),(283,'','ARQ'),(284,'','ARQ'),(285,'','ARQ'),(286,'','ARQ'),(287,'','ARQ'),(288,'','ARQ'),(289,'','ARQ'),(290,'','ARQ'),(291,'','ARQ'),(292,'','ARQ'),(293,'','ARQ'),(294,'','ARQ'),(295,'','ARQ'),(296,'','ARQ'),(297,'','ARQ'),(298,'','ARQ'),(299,'','ARQ'),(300,'','ARQ'),(301,'','ARQ'),(302,'','ARQ'),(303,'','ARQ'),(304,'','ARQ'),(305,'','ARQ'),(306,'','ARQ'),(307,'','ARQ'),(308,'','ARQ'),(309,'','ARQ'),(310,'','ARQ'),(311,'','ARQ'),(312,'','ARQ'),(313,'','ARQ'),(314,'','ARQ'),(315,'','ARQ'),(316,'','ARQ'),(317,'','ARQ'),(318,'','ARQ'),(319,'','ARQ'),(320,'','ARQ'),(321,'','ARQ'),(322,'','ARQ'),(323,'','ARQ'),(324,'','ARQ'),(325,'','ARQ'),(326,'','ARQ'),(327,'','ARQ'),(328,'','ARQ'),(329,'','ARQ'),(330,'','ARQ'),(331,'','ARQ'),(332,'','ARQ'),(333,'','ARQ'),(334,'','ARQ'),(335,'','ARQ'),(336,'','ARQ'),(337,'','ARQ'),(338,'','ARQ'),(339,'','ARQ'),(340,'','ARQ'),(341,'','ARQ'),(342,'','ARQ'),(343,'','ARQ'),(344,'','ARQ'),(345,'','ARQ'),(346,'','ARQ'),(347,'','ARQ'),(348,'','ARQ'),(349,'','ARQ'),(350,'','ARQ'),(351,'','ARQ'),(352,'','ARQ'),(353,'','ARQ'),(354,'','ARQ'),(355,'','ARQ'),(356,'','ARQ'),(357,'','ARQ'),(358,'','ARQ'),(359,'','ARQ'),(360,'','ARQ'),(361,'','ARQ'),(362,'','ARQ'),(363,'','ARQ'),(364,'','ARQ'),(365,'','ARQ'),(366,'','ARQ'),(367,'','ARQ'),(368,'','ARQ'),(369,'','ARQ'),(370,'','ARQ'),(371,'','ARQ'),(372,'','ARQ'),(373,'','ARQ'),(374,'','ARQ'),(375,'','ARQ'),(376,'','ARQ'),(377,'','ARQ'),(378,'','ARQ'),(379,'','ARQ'),(380,'','ARQ'),(381,'','ARQ'),(382,'','ARQ'),(383,'','ARQ'),(384,'','ARQ'),(385,'','ARQ'),(386,'','ARQ'),(387,'','ARQ'),(388,'','ARQ'),(389,'','ARQ'),(390,'','ARQ'),(391,'','ARQ'),(392,'','ARQ'),(393,'','ARQ'),(394,'','ARQ'),(395,'','ARQ'),(396,'','ARQ'),(397,'','ARQ'),(398,'','ARQ'),(399,'','ARQ'),(400,'','ARQ'),(401,'','ARQ'),(402,'','ARQ'),(403,'','ARQ'),(404,'','ARQ'),(405,'','ARQ'),(406,'','ARQ'),(407,'','ARQ'),(408,'','ARQ'),(409,'','ARQ'),(410,'','ARQ'),(411,'','ARQ'),(412,'','ARQ'),(413,'','ARQ'),(414,'','ARQ'),(415,'','ARQ'),(416,'','ARQ'),(417,'','ARQ'),(418,'','ARQ'),(419,'','ARQ'),(420,'','ARQ'),(421,'','ARQ'),(422,'','ARQ'),(423,'','ARQ'),(424,'','ARQ'),(425,'','ARQ'),(426,'','ARQ'),(427,'','ARQ'),(428,'','ARQ'),(429,'','ARQ'),(430,'','ARQ'),(431,'','ARQ'),(432,'','ARQ'),(433,'','ARQ'),(434,'','ARQ'),(435,'','ARQ'),(436,'','ARQ'),(437,'','ARQ'),(438,'','ARQ'),(439,'','ARQ'),(440,'','ARQ'),(441,'','ARQ'),(442,'','ARQ'),(443,'','ARQ'),(444,'','ARQ'),(445,'','ARQ'),(446,'','ARQ'),(447,'','ARQ'),(448,'','ARQ'),(449,'','ARQ'),(450,'','ARQ'),(451,'','ARQ'),(452,'','ARQ'),(453,'','ARQ'),(454,'','ARQ'),(455,'','ARQ'),(456,'','ARQ'),(457,'','ARQ'),(458,'','ARQ'),(459,'','ARQ'),(460,'','ARQ'),(461,'','ARQ'),(462,'','ARQ'),(463,'','ARQ'),(464,'','ARQ'),(465,'','ARQ'),(466,'','ARQ'),(467,'','ARQ'),(468,'','ARQ'),(469,'','ARQ'),(470,'','ARQ'),(471,'','ARQ'),(472,'','ARQ'),(473,'','ARQ'),(474,'','ARQ'),(475,'','ARQ'),(476,'','ARQ'),(477,'','ARQ'),(478,'','ARQ'),(479,'','ARQ'),(480,'','ARQ'),(481,'','ARQ'),(482,'','ARQ'),(483,'','ARQ'),(484,'','ARQ'),(485,'','ARQ'),(486,'','ARQ'),(487,'','ARQ'),(488,'','ARQ'),(489,'','ARQ'),(490,'','ARQ'),(491,'','ARQ'),(492,'','ARQ'),(493,'','ARQ'),(494,'','ARQ'),(495,'','ARQ'),(496,'','ARQ'),(497,'','ARQ'),(498,'','ARQ'),(499,'','ARQ'),(500,'','ARQ'),(501,'','ARQ'),(502,'','ARQ'),(503,'','ARQ'),(504,'','ARQ'),(505,'','ARQ'),(506,'','ARQ'),(507,'','ARQ'),(508,'','ARQ'),(509,'','ARQ'),(510,'','ARQ'),(511,'','ARQ'),(512,'','ARQ'),(513,'','ARQ'),(514,'','ARQ'),(515,'','ARQ'),(516,'','ARQ'),(517,'','ARQ'),(518,'','ARQ'),(519,'','ARQ'),(520,'','ARQ'),(521,'','ARQ'),(522,'','ARQ'),(523,'','ARQ'),(524,'','ARQ'),(525,'','ARQ'),(526,'','ARQ'),(527,'','ARQ'),(528,'','ARQ'),(529,'','ARQ'),(530,'','ARQ'),(531,'','ARQ'),(532,'','ARQ'),(533,'','ARQ'),(534,'','ARQ'),(535,'','ARQ'),(536,'','ARQ'),(537,'','ARQ'),(538,'','ARQ'),(539,'','ARQ'),(540,'','ARQ'),(541,'','ARQ'),(542,'','ARQ'),(543,'','ARQ'),(544,'','ARQ'),(545,'','ARQ'),(546,'','ARQ'),(547,'','ARQ'),(548,'','ARQ'),(549,'','ARQ'),(550,'','ARQ'),(551,'','ARQ'),(552,'','ARQ'),(553,'','ARQ'),(554,'','ARQ'),(555,'','ARQ'),(556,'','ARQ'),(557,'','ARQ'),(558,'','ARQ'),(559,'','ARQ'),(560,'','ARQ'),(561,'','ARQ'),(562,'','ARQ'),(563,'','ARQ'),(564,'','ARQ'),(565,'','ARQ'),(566,'','ARQ'),(567,'','ARQ'),(568,'','ARQ'),(569,'','ARQ'),(570,'','ARQ'),(571,'','ARQ'),(572,'','ARQ'),(573,'','ARQ'),(574,'','ARQ'),(575,'','ARQ'),(576,'','ARQ'),(577,'','ARQ'),(578,'','ARQ'),(579,'','ARQ'),(580,'','ARQ'),(581,'','ARQ'),(582,'','ARQ'),(583,'','ARQ'),(584,'','ARQ'),(585,'','ARQ'),(586,'','ARQ'),(587,'','ARQ'),(588,'','ARQ'),(589,'','ARQ'),(590,'','ARQ'),(591,'','ARQ'),(592,'','ARQ'),(593,'','ARQ'),(594,'','ARQ'),(595,'','ARQ'),(596,'','ARQ'),(597,'','ARQ'),(598,'','ARQ'),(599,'','ARQ'),(600,'','ARQ'),(601,'','ARQ'),(602,'','ARQ'),(603,'','ARQ'),(604,'','ARQ'),(605,'','ARQ'),(606,'','ARQ'),(607,'','ARQ'),(608,'','ARQ'),(609,'','ARQ'),(610,'','ARQ'),(611,'','ARQ'),(612,'','ARQ'),(613,'','ARQ'),(614,'','ARQ'),(615,'','ARQ'),(616,'','ARQ'),(617,'','ARQ'),(618,'','ARQ'),(619,'','ARQ'),(620,'','ARQ'),(621,'','ARQ'),(622,'','ARQ'),(623,'','ARQ'),(624,'','ARQ'),(625,'','ARQ'),(626,'','ARQ'),(627,'','ARQ'),(628,'','ARQ'),(629,'','ARQ'),(630,'','ARQ'),(631,'','ARQ'),(632,'','ARQ'),(633,'','ARQ'),(634,'','ARQ'),(635,'','ARQ'),(636,'','ARQ'),(637,'','ARQ'),(638,'','ARQ'),(639,'','ARQ'),(640,'','ARQ'),(641,'','ARQ'),(642,'','ARQ'),(643,'','ARQ'),(644,'','ARQ'),(645,'','ARQ'),(646,'','ARQ'),(647,'','ARQ'),(648,'','ARQ'),(649,'','ARQ'),(650,'','ARQ'),(651,'','ARQ'),(652,'','ARQ'),(653,'','ARQ'),(654,'','ARQ'),(655,'','ARQ'),(656,'','ARQ'),(657,'','ARQ'),(658,'','ARQ'),(659,'','ARQ'),(660,'','ARQ'),(661,'','ARQ'),(662,'','ARQ'),(663,'','ARQ'),(664,'','ARQ'),(665,'','ARQ'),(666,'','ARQ'),(667,'','ARQ'),(668,'','ARQ'),(669,'','ARQ'),(670,'','ARQ'),(671,'','ARQ'),(672,'','ARQ'),(673,'','ARQ'),(674,'','ARQ'),(675,'','ARQ'),(676,'','ARQ'),(677,'','ARQ'),(678,'','ARQ'),(679,'','ARQ'),(680,'','ARQ'),(681,'','ARQ'),(682,'','ARQ'),(683,'','ARQ'),(684,'','ARQ'),(685,'','ARQ'),(686,'','ARQ'),(687,'','ARQ'),(688,'','ARQ'),(689,'','ARQ'),(690,'','ARQ'),(691,'','ARQ'),(692,'','ARQ'),(693,'','ARQ'),(694,'','ARQ'),(695,'','ARQ'),(696,'','ARQ'),(697,'','ARQ'),(698,'','ARQ'),(699,'','ARQ'),(700,'','ARQ'),(701,'','ARQ'),(702,'','ARQ'),(703,'','ARQ'),(704,'','ARQ'),(705,'','ARQ'),(706,'','ARQ'),(707,'','ARQ'),(708,'','ARQ'),(709,'','ARQ'),(710,'','ARQ'),(711,'','ARQ'),(712,'','ARQ'),(713,'','ARQ'),(714,'','ARQ'),(715,'','ARQ'),(716,'','ARQ'),(717,'','ARQ'),(718,'','ARQ'),(719,'','ARQ'),(720,'','ARQ'),(721,'','ARQ'),(722,'','ARQ'),(723,'','ARQ'),(724,'','ARQ'),(725,'','ARQ'),(726,'','ARQ'),(727,'','ARQ'),(728,'','ARQ'),(729,'','ARQ'),(730,'','ARQ'),(731,'','ARQ'),(732,'','ARQ'),(733,'','ARQ'),(734,'','ARQ'),(735,'','ARQ'),(736,'','ARQ'),(737,'','ARQ'),(738,'','ARQ'),(739,'','ARQ'),(740,'','ARQ'),(741,'','ARQ'),(742,'','ARQ'),(743,'','ARQ'),(744,'','ARQ'),(745,'','ARQ'),(746,'','ARQ'),(747,'','ARQ'),(748,'','ARQ'),(749,'','ARQ'),(750,'','ARQ'),(751,'','ARQ'),(752,'','ARQ'),(753,'','ARQ'),(754,'','ARQ'),(755,'','ARQ'),(756,'','ARQ'),(757,'','ARQ'),(758,'','ARQ'),(759,'','ARQ'),(760,'','ARQ'),(761,'','ARQ'),(762,'','ARQ'),(763,'','ARQ'),(764,'','ARQ'),(765,'','ARQ'),(766,'','ARQ'),(767,'','ARQ'),(768,'','ARQ'),(769,'','ARQ'),(770,'','ARQ'),(771,'','ARQ'),(772,'','ARQ'),(773,'','ARQ'),(774,'','ARQ'),(775,'','ARQ'),(776,'','ARQ'),(777,'','ARQ'),(778,'','ARQ'),(779,'','ARQ'),(780,'','ARQ'),(781,'','ARQ'),(782,'','ARQ'),(783,'','ARQ'),(784,'','ARQ'),(785,'','ARQ'),(786,'','ARQ'),(787,'','ARQ'),(788,'','ARQ'),(789,'','ARQ'),(790,'','ARQ'),(791,'','ARQ'),(792,'','ARQ'),(793,'','ARQ'),(794,'','ARQ'),(795,'','ARQ'),(796,'','ARQ'),(797,'','ARQ'),(798,'','ARQ'),(799,'','ARQ'),(800,'','ARQ'),(801,'','ARQ'),(802,'','ARQ'),(803,'','ARQ'),(804,'','ARQ'),(805,'','ARQ'),(806,'','ARQ'),(807,'','ARQ'),(808,'','ARQ'),(809,'','ARQ'),(810,'','ARQ'),(811,'','ARQ'),(812,'','ARQ'),(813,'','ARQ'),(814,'','ARQ'),(815,'','ARQ'),(816,'','ARQ'),(817,'','ARQ'),(818,'','ARQ'),(819,'','ARQ'),(820,'','ARQ'),(821,'','ARQ'),(822,'','ARQ'),(823,'','ARQ'),(824,'','ARQ'),(825,'','ARQ'),(826,'','ARQ'),(827,'','ARQ'),(828,'','ARQ'),(829,'','ARQ'),(830,'','ARQ'),(831,'','ARQ'),(832,'','ARQ'),(833,'','ARQ'),(834,'','ARQ'),(835,'','ARQ'),(836,'','ARQ'),(837,'','ARQ'),(838,'','ARQ'),(839,'','ARQ'),(840,'','ARQ'),(841,'','ARQ'),(842,'','ARQ'),(843,'','ARQ'),(844,'','ARQ'),(845,'','ARQ'),(846,'','ARQ'),(847,'','ARQ'),(848,'','ARQ'),(849,'','ARQ'),(850,'','ARQ'),(851,'','ARQ'),(852,'','ARQ'),(853,'','ARQ'),(854,'','ARQ'),(855,'','ARQ'),(856,'','ARQ'),(857,'','ARQ'),(858,'','ARQ'),(859,'','ARQ'),(860,'','ARQ'),(861,'','ARQ'),(862,'','ARQ'),(863,'','ARQ'),(864,'','ARQ'),(865,'','ARQ'),(866,'','ARQ'),(867,'','ARQ'),(868,'','ARQ'),(869,'','ARQ'),(870,'','ARQ'),(871,'','ARQ'),(872,'','ARQ'),(873,'','ARQ');
/*!40000 ALTER TABLE `carrera` ENABLE KEYS */;
UNLOCK TABLES;

--
-- Final view structure for view `vtelefonosusuarios`
--

/*!50001 DROP TABLE IF EXISTS `vtelefonosusuarios`*/;
/*!50001 DROP VIEW IF EXISTS `vtelefonosusuarios`*/;
/*!50001 SET @saved_cs_client          = @@character_set_client */;
/*!50001 SET @saved_cs_results         = @@character_set_results */;
/*!50001 SET @saved_col_connection     = @@collation_connection */;
/*!50001 SET character_set_client      = utf8 */;
/*!50001 SET character_set_results     = utf8 */;
/*!50001 SET collation_connection      = utf8_general_ci */;
/*!50001 CREATE ALGORITHM=UNDEFINED */
/*!50013 DEFINER=`root`@`localhost` SQL SECURITY DEFINER */
/*!50001 VIEW `vtelefonosusuarios` AS select `u`.`idDepartamento` AS `idDepartamento`,`u`.`idUsuario` AS `idUsuario`,`d`.`siglas` AS `siglas`,`d`.`departamento` AS `departamento`,`u`.`indexUsuario` AS `indexUsuario`,`u`.`email` AS `email`,`u`.`nombreUsuario` AS `nombreUsuario`,`u`.`apellidoUsuario` AS `apellidoUsuario`,`t`.`telefono` AS `telefono`,`t`.`extension` AS `extension` from ((`usuario` `u` join `telefono` `t` on((`u`.`indexUsuario` = `t`.`indexUsuario`))) join `departamento` `d` on((`d`.`idDepartamento` = `u`.`idDepartamento`))) order by `u`.`idUsuario` */;
/*!50001 SET character_set_client      = @saved_cs_client */;
/*!50001 SET character_set_results     = @saved_cs_results */;
/*!50001 SET collation_connection      = @saved_col_connection */;

--
-- Final view structure for view `vactividadesprofesores`
--

/*!50001 DROP TABLE IF EXISTS `vactividadesprofesores`*/;
/*!50001 DROP VIEW IF EXISTS `vactividadesprofesores`*/;
/*!50001 SET @saved_cs_client          = @@character_set_client */;
/*!50001 SET @saved_cs_results         = @@character_set_results */;
/*!50001 SET @saved_col_connection     = @@collation_connection */;
/*!50001 SET character_set_client      = utf8 */;
/*!50001 SET character_set_results     = utf8 */;
/*!50001 SET collation_connection      = utf8_general_ci */;
/*!50001 CREATE ALGORITHM=UNDEFINED */
/*!50013 DEFINER=`root`@`localhost` SQL SECURITY DEFINER */
/*!50001 VIEW `vactividadesprofesores` AS select `u`.`idDepartamento` AS `idDepartamento`,`u`.`indexUsuario` AS `indexUsuario`,`u`.`idUsuario` AS `idUsuario`,`u`.`nombreUsuario` AS `nombreUsuario`,`u`.`apellidoUsuario` AS `apellidoUsuario`,`u`.`genero` AS `genero`,`u`.`email` AS `email`,`ae`.`actividad` AS `actividad`,`ae`.`diaSemana` AS `diaSemana`,`ae`.`horaInicio` AS `horaInicio`,`ae`.`horaFin` AS `horaFin`,`ae`.`duracion` AS `duracion` from (`usuario` `u` join `actividadesextra` `ae`) where ((`ae`.`indexUsuario` = `u`.`indexUsuario`) and (`ae`.`idDepartamento` = `u`.`idDepartamento`)) order by `u`.`idDepartamento`,`u`.`indexUsuario`,`ae`.`diaSemana`,`ae`.`horaInicio`,`ae`.`horaFin` */;
/*!50001 SET character_set_client      = @saved_cs_client */;
/*!50001 SET character_set_results     = @saved_cs_results */;
/*!50001 SET collation_connection      = @saved_col_connection */;

--
-- Final view structure for view `vplanescarreras`
--

/*!50001 DROP TABLE IF EXISTS `vplanescarreras`*/;
/*!50001 DROP VIEW IF EXISTS `vplanescarreras`*/;
/*!50001 SET @saved_cs_client          = @@character_set_client */;
/*!50001 SET @saved_cs_results         = @@character_set_results */;
/*!50001 SET @saved_col_connection     = @@collation_connection */;
/*!50001 SET character_set_client      = utf8 */;
/*!50001 SET character_set_results     = utf8 */;
/*!50001 SET collation_connection      = utf8_general_ci */;
/*!50001 CREATE ALGORITHM=UNDEFINED */
/*!50013 DEFINER=`root`@`localhost` SQL SECURITY DEFINER */
/*!50001 VIEW `vplanescarreras` AS select `c`.`nombreCarrera` AS `nombreCarrera`,`c`.`siglasCarrera` AS `siglasCarrera`,`p`.`anioPlan` AS `anioPlan`,`p`.`descripcion` AS `descripcionPlan`,`s`.`semestre` AS `semestre`,`m`.`materia` AS `materia`,`m`.`curso` AS `curso`,`m`.`nombreMateria` AS `nombreMateria` from ((((`carrera` `c` join `plandeestudios` `p` on((`c`.`idCarrera` = `p`.`idCarrera`))) join `semestre` `s` on((`s`.`idPlan` = `p`.`idPlanDeEstudios`))) join `semestremateria` `sm` on((`sm`.`idSemestre` = `s`.`idSemestre`))) join `materia` `m` on(((`sm`.`materia` = `m`.`materia`) and (`sm`.`curso` = `m`.`curso`)))) order by `c`.`siglasCarrera`,`p`.`anioPlan`,`s`.`semestre`,`m`.`materia`,`m`.`curso` */;
/*!50001 SET character_set_client      = @saved_cs_client */;
/*!50001 SET character_set_results     = @saved_cs_results */;
/*!50001 SET collation_connection      = @saved_col_connection */;

--
-- Final view structure for view `vusuariosnotificacion`
--

/*!50001 DROP TABLE IF EXISTS `vusuariosnotificacion`*/;
/*!50001 DROP VIEW IF EXISTS `vusuariosnotificacion`*/;
/*!50001 SET @saved_cs_client          = @@character_set_client */;
/*!50001 SET @saved_cs_results         = @@character_set_results */;
/*!50001 SET @saved_col_connection     = @@collation_connection */;
/*!50001 SET character_set_client      = utf8 */;
/*!50001 SET character_set_results     = utf8 */;
/*!50001 SET collation_connection      = utf8_general_ci */;
/*!50001 CREATE ALGORITHM=UNDEFINED */
/*!50013 DEFINER=`root`@`localhost` SQL SECURITY DEFINER */
/*!50001 VIEW `vusuariosnotificacion` AS select `t`.`idtablaNotificacion` AS `idtablaNotificacion`,`u`.`idDepartamento` AS `idDepartamento`,`d`.`departamento` AS `departamento`,`d`.`siglas` AS `siglas`,`u`.`indexUsuario` AS `indexUsuario`,`u`.`idUsuario` AS `idUsuario`,`u`.`nombreUsuario` AS `nombreUsuario`,`u`.`apellidoUsuario` AS `apellidoUsuario`,`u`.`genero` AS `genero`,`u`.`email` AS `email`,`u`.`alta` AS `alta`,`u`.`rol` AS `rol`,`u`.`administrador` AS `administrador` from ((`departamento` `d` join `usuario` `u` on((`u`.`idDepartamento` = `d`.`idDepartamento`))) join `tablanotificacion` `t` on(((`u`.`idDepartamento` = `t`.`idDepartamento`) and (`u`.`indexUsuario` = `t`.`indexUsuario`)))) */;
/*!50001 SET character_set_client      = @saved_cs_client */;
/*!50001 SET character_set_results     = @saved_cs_results */;
/*!50001 SET collation_connection      = @saved_col_connection */;

--
-- Final view structure for view `vhorariosprofesores`
--

/*!50001 DROP TABLE IF EXISTS `vhorariosprofesores`*/;
/*!50001 DROP VIEW IF EXISTS `vhorariosprofesores`*/;
/*!50001 SET @saved_cs_client          = @@character_set_client */;
/*!50001 SET @saved_cs_results         = @@character_set_results */;
/*!50001 SET @saved_col_connection     = @@collation_connection */;
/*!50001 SET character_set_client      = utf8 */;
/*!50001 SET character_set_results     = utf8 */;
/*!50001 SET collation_connection      = utf8_general_ci */;
/*!50001 CREATE ALGORITHM=UNDEFINED */
/*!50013 DEFINER=`root`@`localhost` SQL SECURITY DEFINER */
/*!50001 VIEW `vhorariosprofesores` AS select `u`.`idUsuario` AS `idUsuario`,`u`.`nombreUsuario` AS `nombreUsuario`,`u`.`apellidoUsuario` AS `apellidoUsuario`,`g`.`CRN` AS `CRN`,`g`.`horasClase` AS `horasClase`,`g`.`horasLaboratorio` AS `horasLaboratorio`,`g`.`unidades` AS `unidades`,`g`.`porcentajeClase` AS `porcentajeClase`,`g`.`numeroProfesores` AS `numeroProfesores`,`g`.`claseExclusiva` AS `claseExclusiva`,`g`.`alumnosInscritos` AS `alumnosInscritos`,`m`.`materia` AS `materia`,`m`.`curso` AS `curso`,`m`.`nombreMateria` AS `nombreMateria`,`p`.`idPeriodo` AS `idPeriodo`,`p`.`anio` AS `anio`,`p`.`periodo` AS `periodo`,`h`.`salon` AS `salon`,`h`.`diaSemana` AS `diaSemana`,`h`.`horaInicio` AS `horaInicio`,`h`.`horaFin` AS `horaFin` from ((((`usuario` `u` join `grupo` `g` on(((`u`.`indexUsuario` = `g`.`indexUsuario`) and (`u`.`idDepartamento` = `g`.`idDepartamento`)))) join `materia` `m` on(((`g`.`materia` = `m`.`materia`) and (`g`.`curso` = `m`.`curso`)))) join `periodo` `p` on((`g`.`idPeriodo` = `p`.`idPeriodo`))) join `horarios` `h` on(((`h`.`CRN` = `g`.`CRN`) and (`h`.`indexUsuario` = `g`.`indexUsuario`)))) order by `u`.`idUsuario`,`g`.`CRN`,`p`.`idPeriodo` */;
/*!50001 SET character_set_client      = @saved_cs_client */;
/*!50001 SET character_set_results     = @saved_cs_results */;
/*!50001 SET collation_connection      = @saved_col_connection */;
/*!40103 SET TIME_ZONE=@OLD_TIME_ZONE */;

/*!40101 SET SQL_MODE=@OLD_SQL_MODE */;
/*!40014 SET FOREIGN_KEY_CHECKS=@OLD_FOREIGN_KEY_CHECKS */;
/*!40014 SET UNIQUE_CHECKS=@OLD_UNIQUE_CHECKS */;
/*!40101 SET CHARACTER_SET_CLIENT=@OLD_CHARACTER_SET_CLIENT */;
/*!40101 SET CHARACTER_SET_RESULTS=@OLD_CHARACTER_SET_RESULTS */;
/*!40101 SET COLLATION_CONNECTION=@OLD_COLLATION_CONNECTION */;
/*!40111 SET SQL_NOTES=@OLD_SQL_NOTES */;

-- Dump completed on 2012-05-02  1:20:35
